game,num_purch,avg_hr
"Dota 2",4841,203
"Team Fortress 2",2323,75
Unturned,1563,15
"Counter-Strike Global Offensive",1412,234
"Half-Life 2 Lost Coast",981,1
"Counter-Strike Source",978,134
"Left 4 Dead 2",951,42
Counter-Strike,856,236
Warframe,847,64
"Half-Life 2 Deathmatch",823,19
"Garry's Mod",731,75
"The Elder Scrolls V Skyrim",717,105
Robocraft,689,22
"Counter-Strike Condition Zero",679,35
"Counter-Strike Condition Zero Deleted Scenes",679,4
"Heroes & Generals",658,10
"Half-Life 2",639,12
"Sid Meier's Civilization V",596,180
"War Thunder",590,47
Portal,588,5
"Portal 2",544,20
"Day of Defeat",534,14
"Deathmatch Classic",524,1
Ricochet,524,1
Terraria,496,65
"No More Room in Hell",438,6
"Borderlands 2",429,59
"PAYDAY 2",427,50
"Day of Defeat Source",409,29
"Counter-Strike Nexon Zombies",395,11
"Half-Life 2 Episode One",394,6
"PlanetSide 2",390,30
Half-Life,388,6
Trove,384,19
"Half-Life Opposing Force",366,4
"Team Fortress Classic",366,1
"Half-Life 2 Episode Two",365,8
"Half-Life Blue Shift",363,2
Loadout,358,8
Nosgoth,354,8
"Dead Island Epidemic",353,6
"Grand Theft Auto San Andreas",351,10
"Call of Duty Modern Warfare 2 - Multiplayer",343,144
"Call of Duty Modern Warfare 2",343,29
"Path of Exile",339,53
"Fallout New Vegas",337,52
Warface,329,13
"Dirty Bomb",323,7
"Tom Clancy's Ghost Recon Phantoms - NA",314,37
"Metro 2033",312,9
"Marvel Heroes 2015",301,29
"BioShock Infinite",296,17
"Alien Swarm",289,5
Neverwinter,288,25
"Left 4 Dead",281,42
"Grand Theft Auto IV",281,21
"PAYDAY The Heist",277,7
"Grand Theft Auto V",273,85
"Arma 2",270,6
"Half-Life Deathmatch Source",268,1
"Empire Total War",263,98
"APB Reloaded",262,67
"Saints Row The Third",259,25
"Tomb Raider",257,16
"The Witcher 2 Assassins of Kings Enhanced Edition",257,19
"FreeStyle2 Street Basketball",257,10
"Don't Starve Together Beta",256,14
"Call of Duty Black Ops - Multiplayer",254,87
"Call of Duty Black Ops",254,17
"Arma 2 Operation Arrowhead",250,50
"Arma 2 Operation Arrowhead Beta (Obsolete)",250,7
DayZ,249,83
theHunter,248,2
"Clicker Heroes",246,90
"Tom Clancy's Ghost Recon Phantoms - EU",245,24
"Just Cause 2",243,19
"Sniper Elite V2",242,10
Magicka,241,11
"Call of Duty Modern Warfare 3 - Multiplayer",239,105
"Call of Duty Modern Warfare 3",239,26
"Age of Empires II HD Edition",238,34
"Magicka Wizard Wars",238,4
"Dead Island",231,14
"Amnesia The Dark Descent",226,5
HAWKEN,225,13
BioShock,224,8
TERA,224,20
"Torchlight II",224,34
"AdVenture Capitalist",222,43
"Chivalry Medieval Warfare",222,21
"Patch testing for Chivalry",222,2
"GunZ 2 The Second Duel",221,8
Defiance,218,15
"Killing Floor",215,43
Rust,214,74
"Quake Live",214,4
"Killing Floor Mod Defence Alliance 2",213,1
"Batman Arkham City GOTY",212,19
"BLOCKADE 3D",209,6
"Far Cry 3",207,28
"Grand Theft Auto Vice City",207,5
"Rising Storm/Red Orchestra 2 Multiplayer",201,45
"Don't Starve",199,23
"Total War SHOGUN 2",198,88
"Hitman Absolution",197,13
"Sid Meier's Civilization IV",196,19
Firefall,195,13
"XCOM Enemy Unknown",194,48
"Company of Heroes (New Steam Version)",192,19
"RaceRoom Racing Experience ",192,7
Insurgency,190,16
"The Binding of Isaac",190,32
"Half-Life Source",190,8
"Mirror's Edge",189,4
"Euro Truck Simulator 2",187,42
"Trine 2",185,6
"BioShock 2",184,8
Borderlands,183,32
"Batman Arkham Asylum GOTY Edition",182,13
"Grand Theft Auto Episodes from Liberty City",181,17
"Grand Theft Auto III",180,4
"Company of Heroes",179,10
"Castle Crashers",177,7
"Blacklight Retribution",176,16
Dishonored,173,20
Survarium,173,4
"Realm of the Mad God",171,11
"Fallout 4",168,64
"Red Orchestra 2 Heroes of Stalingrad - Single Player",168,3
"Call of Duty Black Ops II - Multiplayer",168,91
"Call of Duty Black Ops II",168,13
"Call of Duty Black Ops II - Zombies",168,12
"The Witcher Enhanced Edition",167,27
"Napoleon Total War",167,74
"Total War ROME II - Emperor Edition",166,137
"Saints Row IV",165,20
"Deus Ex Human Revolution",163,26
"ARK Survival Evolved",163,86
"Cry of Fear",162,2
"Gotham City Impostors Free To Play",162,9
RIFT,161,42
"Arma 3",161,153
"Warhammer 40,000 Dawn of War II",161,26
"Sid Meier's Civilization IV Beyond the Sword",160,162
"Sid Meier's Civilization IV Warlords",158,11
"Rocket League",157,53
"FTL Faster Than Light",157,18
"Dead Space",157,5
Darksiders,154,13
Toribash,154,4
"Fistful of Frags",154,4
"DC Universe Online",154,30
"Super Meat Boy",153,4
"Saints Row 2",152,27
"Crysis 2 Maximum Edition",151,7
"Tactical Intervention",151,3
"Batman Arkham Origins",151,20
"The Expendabros",151,3
"Mafia II",150,25
"Sid Meier's Civilization IV Colonization",150,3
"Goat Simulator",146,7
"Rise of Incarnates",146,1
SMITE,145,8
"Company of Heroes Opposing Fronts",144,17
"The Mighty Quest For Epic Loot",143,12
"Fallout 3 - Game of the Year Edition",141,20
Bastion,141,6
"Star Wars - Battlefront II",140,10
Archeblade,139,4
"Spiral Knights",138,37
H1Z1,138,54
"H1Z1 Test Server",138,22
"Orcs Must Die! 2",136,13
"Dark Souls Prepare to Die Edition",136,43
"Dungeon Defenders",136,34
"Aura Kingdom",135,5
Starbound,134,39
"Starbound - Unstable",134,7
LIMBO,133,3
"Free to Play",131,2
"The Forest",131,13
"Alan Wake",130,12
"Natural Selection 2",130,26
"Arma 2 DayZ Mod",130,3
"Mount & Blade Warband",130,183
"Company of Heroes Tales of Valor",129,13
"Burnout Paradise The Ultimate Box",129,6
"Star Wars Knights of the Old Republic",127,15
"BattleBlock Theater",125,6
"ORION Prelude",123,5
"Cities Skylines",122,28
"Hitman Sniper Challenge",122,2
"The Walking Dead",122,15
"Fallen Earth",121,27
"America's Army Proving Grounds",121,27
"World of Guns Gun Disassembly",121,5
"Battlefield Bad Company 2",120,60
"Serious Sam 3 BFE",118,12
"Max Payne 3",118,21
"Prison Architect",116,27
"F.E.A.R. 3",116,8
"Titan Quest",116,4
"Gear Up",116,4
"Hotline Miami",114,6
"F.E.A.R. 2 Project Origin",114,10
"Happy Wars",114,3
"The Lord of the Rings Online",114,21
"Dungeon Defenders II",114,11
"Medal of Honor(TM) Multiplayer",113,6
"Medal of Honor(TM) Single Player",113,5
"Red Faction Armageddon",113,6
"Serious Sam HD The Second Encounter",113,9
"Company of Heroes 2",112,22
"Middle-earth Shadow of Mordor",112,24
"Medieval II Total War",112,43
"Star Conflict",112,12
"The Stanley Parable",110,3
"Mass Effect 2",110,45
"Space Engineers",109,44
"Surgeon Simulator",109,4
"Dino D-Day",108,3
"South Park The Stick of Truth",107,17
Enclave,107,3
"Age of Empires III Complete Collection",106,17
"Rome Total War",106,39
"Stronghold Kingdoms",105,100
"Sleeping Dogs",104,23
Awesomenauts,104,22
"Darksiders II",104,19
"Tribes Ascend",104,5
"Football Manager 2013",104,311
"7 Days to Die",103,42
Trine,103,6
"Metro Last Light",102,13
sZone-Online,102,1
"Crusader Kings II",102,119
"The Elder Scrolls IV Oblivion ",101,29
"Warhammer 40,000 Dawn of War II  Retribution",101,72
"Mark of the Ninja",100,6
"STAR WARS Knights of the Old Republic II The Sith Lords",100,21
Thief,99,9
"Star Trek Online",99,70
"Kerbal Space Program",98,59
"Scribblenauts Unlimited",98,8
"Double Action Boogaloo",98,5
"Magic Duels",98,12
"Deus Ex Human Revolution - Director's Cut",97,14
"The Lord of the Rings War in the North",97,17
"War of the Roses",97,17
"Tropico 3 - Steam Special Edition",97,14
Monaco,96,3
"Mass Effect",96,38
Strife,96,9
"Warhammer 40,000 Dawn of War II - Chaos Rising",96,29
Outlast,95,5
Torchlight,95,23
"Dead Island Riptide",94,12
Besiege,94,14
Banished,93,30
"Far Cry 2",93,6
Transformice,93,50
"L.A. Noire",92,16
"Sanctum 2",92,6
"Tropico 4",92,25
"Papers, Please",92,4
"RACE 07",92,9
Brick-Force,92,1
"Orcs Must Die!",91,9
Audiosurf,91,8
Dizzel,91,2
Brawlhalla,91,7
"Ragnarok Online 2",90,53
"Call of Duty Ghosts",90,9
"Call of Duty Ghosts - Multiplayer",90,54
"The Witcher 3 Wild Hunt",89,63
"Warhammer 40,000 Dawn of War - Game of the Year Edition",88,6
FEZ,87,5
RAGE,87,18
"Call of Duty World at War",87,38
"Just Cause 2 Multiplayer Mod",86,8
"Zombie Panic Source",86,28
"Dying Light",85,28
"Risk of Rain",85,11
"Alan Wake's American Nightmare",85,3
"The Ship Tutorial",85,0
"The Ship",85,4
"The Binding of Isaac Rebirth",84,84
"DCS World",84,2
"Aliens vs. Predator",84,12
"Dead Space 2",83,10
"Arma Cold War Assault",83,1
"Guns of Icarus Online",83,7
"Psychonauts Demo",82,0
"The Ship Single Player",82,1
"Super Monday Night Combat",82,16
WARMODE,82,3
"Borderlands The Pre-Sequel",82,38
Psychonauts,81,5
"Far Cry 3 Blood Dragon",81,7
"GRID 2",81,17
"DiRT 3 Complete Edition",81,5
Aftermath,81,5
"Planetary Annihilation",81,12
"Assassin's Creed II",80,28
"Deus Ex Game of the Year Edition",80,5
"Risen 2 - Dark Waters",80,20
"Football Manager 2012",80,390
"Football Manager 2014",80,392
"Dragon Age Origins - Ultimate Edition",79,43
"FINAL FANTASY VII",79,24
"Sid Meier's Civilization III Complete",79,30
"Star Wars Jedi Knight Jedi Academy",79,12
Overlord,79,14
"Medieval II Total War Kingdoms",79,48
"Football Manager 2015",79,315
"Spec Ops The Line",78,16
"Hitman 2 Silent Assassin",78,4
Braid,77,3
"Hitman Blood Money",77,4
"DARK SOULS II",77,87
"Only If",77,1
"Dust An Elysian Tail",76,7
F.E.A.R.,76,6
Antichamber,76,3
"F.E.A.R. Extraction Point",76,8
"F.E.A.R. Perseus Mandate",76,5
ArcheAge,76,28
"War Inc. Battlezone",76,4
"Brtal Legend",76,6
"Call of Duty Advanced Warfare",76,10
"Call of Duty Advanced Warfare - Multiplayer",76,51
"Wolfenstein The New Order",75,19
"How to Survive",75,7
"The Walking Dead Season Two",75,11
"Ace of Spades",75,7
AirMech,75,12
"POSTAL 2",74,5
"Titan Quest Immortal Throne",74,18
"Guns and Robots",74,5
Dungeonland,74,2
"Super Crate Box",74,2
"State of Decay",73,14
"Fishing Planet",73,2
"Supreme Commander 2",73,45
Crysis,73,7
"Mitos.is The Game",73,4
Sanctum,72,3
"Assassin's Creed III",72,45
"Fractured Space",72,3
"Block N Load",72,6
"Divinity Original Sin Enhanced Edition",72,9
"Infestation Survivor Stories",72,29
"Game Dev Tycoon",71,12
"Assassin's Creed IV Black Flag",71,60
"Lara Croft and the Guardian of Light",71,4
"S.K.I.L.L. - Special Force 2",71,6
SpaceChem,71,9
"Mortal Kombat Komplete Edition",71,20
"Worms Revolution",71,7
"Divinity Original Sin",71,36
"DiRT 3",69,14
Hammerwatch,69,8
"GTR Evolution",69,7
"Red Crucible Firestorm",69,3
"METAL GEAR SOLID V THE PHANTOM PAIN",68,72
Deadlight,68,3
"Red Faction Guerrilla Steam Edition",68,10
"Star Wars Republic Commando",68,4
NEOTOKYO,68,2
Spore,67,29
"Rogue Legacy",67,14
"SimCity 4 Deluxe",67,21
"Command and Conquer Red Alert 3 - Uprising",67,7
"The Elder Scrolls III Morrowind",67,19
"Afterfall InSanity Extended Edition",67,2
"Overlord II",67,11
"Insurgency Modern Infantry Combat",67,6
"Call of Duty 4 Modern Warfare",67,20
"Hitman Codename 47",66,2
"Plants vs. Zombies Game of the Year",66,43
"Source Filmmaker",66,14
Contagion,65,4
"Star Wars Empire at War Gold",65,12
"This War of Mine",65,13
"Worms Reloaded",65,7
Panzar,65,11
SpeedRunners,65,13
"Sid Meier's Civilization Beyond Earth",65,46
"Warlock - Master of the Arcane",65,19
Reus,64,4
"Brothers - A Tale of Two Sons",64,2
"Infinite Crisis",64,3
"World of Goo",64,2
"Codename CURE",64,4
"Overlord Raising Hell",64,16
"F.E.A.R. Online",64,3
"To the Moon",64,3
"Deus Ex Invisible War",63,2
"Metro 2033 Redux",63,7
VVVVVV,63,3
"Darkest Hour Europe '44-'45",63,23
"Gun Monkeys",63,1
"Mare Nostrum",63,1
"Red Orchestra Ostfront 41-45",63,26
"A.V.A - Alliance of Valiant Arms",63,4
"Sakura Clicker",63,37
Elsword,63,14
"Sniper Elite 3",62,21
"Need for Speed Hot Pursuit",62,11
"Metro Last Light Redux",62,9
"Stronghold HD",62,4
"Anomaly Warzone Earth",62,2
"Warhammer 40,000 Space Marine",62,16
"Mount & Blade With Fire and Sword",62,34
"Knights and Merchants",62,2
"The Incredible Adventures of Van Helsing",62,11
"Endless Space",61,29
"Star Wars - Jedi Knight II Jedi Outcast",61,8
"Star Wars The Force Unleashed Ultimate Sith Edition",61,5
"The Wolf Among Us",61,10
"Sniper Ghost Warrior",61,13
"Crysis Warhead",61,8
"Crysis Wars",61,2
Vindictus,61,6
"BIT.TRIP RUNNER",60,2
"Far Cry",60,4
"Everlasting Summer",60,5
"School of Dragons How to Train Your Dragon",60,4
"Moonbase Alpha",60,2
Machinarium,59,4
"Universe Sandbox",59,6
UberStrike,59,2
"Anno 2070",59,29
"Two Worlds Epic Edition",59,7
"Dragons and Titans",59,3
"Supreme Commander Forged Alliance",59,85
"Call of Juarez Gunslinger",58,7
"Mortal Kombat Kollection",58,2
"Oddworld Abe's Oddysee",58,2
"Assassin's Creed Brotherhood",58,25
"Legend of Grimrock",58,12
"Age of Chivalry",58,17
"DmC Devil May Cry",57,12
"Viscera Cleanup Detail Shadow Warrior",57,1
"Tom Clancy's Splinter Cell Conviction",57,16
"Blender 2.76b",57,1
"Stronghold 3",57,10
"The Darkness II",57,7
"DiRT Showdown",56,5
"Injustice Gods Among Us Ultimate Edition",56,10
"Just Cause",56,6
"Star Wars Dark Forces",56,4
"Wargame European Escalation",56,23
"Haunted Memories",56,0
"S.T.A.L.K.E.R. Shadow of Chernobyl",55,14
"Guacamelee! Gold Edition",55,6
"Thief Gold",55,1
"Deus Ex Human Revolution - The Missing Link",55,9
"Dragon Age Origins",55,61
"Football Manager 2009",55,186
"Serious Sam HD The First Encounter",55,4
"Sacred 2 Gold",55,2
"Emily is Away",55,1
"Superbrothers Sword & Sworcery EP",54,1
"Kingdoms of Amalur Reckoning",54,26
"The Swapper",54,3
Homefront,54,13
"Spooky's House of Jump Scares",54,1
Fallout,54,7
"Train Simulator",54,60
Gunpoint,53,4
"Kane & Lynch 2 Dog Days",53,5
"Shadowrun Returns",53,12
Transistor,53,6
"Zombies Monsters Robots",53,6
"Tomb Raider Legend",53,2
"La Tale",53,8
"Supreme Commander",53,16
"Fable - The Lost Chapters",53,11
"Five Nights at Freddy's",53,2
"War of the Roses Balance Beta",53,3
"Galactic Civilizations II Ultimate Edition",53,12
"Race The Sun",52,3
"America's Army 3",52,11
"Thomas Was Alone",52,2
"Defy Gravity",52,1
"Poker Night at the Inventory",52,6
"Tomb Raider Anniversary",52,3
"Tomb Raider Underworld",52,7
"Might & Magic Heroes VI",52,101
DEFCON,52,2
"Bloodline Champions",52,12
"Assassin's Creed Revelations",52,38
"Dark Messiah of Might & Magic Single Player",52,8
"Europa Universalis IV",52,195
"Dark Messiah of Might & Magic Multi-Player",52,53
"Cubic Castles",52,4
"Operation Flashpoint Dragon Rising",52,4
"Star Wars Jedi Knight Dark Forces II",51,7
"Teleglitch Die More Edition",51,2
WAKFU,51,35
"Time Clickers",51,16
"Assassin's Creed",51,12
"East India Company Gold",51,3
"S.T.A.L.K.E.R. Call of Pripyat",50,20
"Cave Story+",50,10
"Dear Esther",50,1
"Sins of a Solar Empire Rebellion",50,30
"Star Wars The Force Unleashed II",50,5
"Dungeon Siege III",50,6
"March of War",50,8
"Mount & Blade",50,25
"Ultra Street Fighter IV",49,37
"Super Hexagon",49,3
Jamestown,49,1
GRID,49,23
"Resident Evil 5 / Biohazard 5",49,9
"RollerCoaster Tycoon 3 Platinum!",49,19
"Portal Stories Mel",49,5
"Killing Floor 2",49,33
"Royal Quest",49,9
"Thief Deadly Shadows",49,4
8BitMMO,49,0
"The Bureau XCOM Declassified",49,8
"Floating Point",48,1
"Arma 2 British Armed Forces",48,0
"Arma 2 Private Military Company",48,1
Deponia,48,7
"Life Is Strange",48,14
"Fallout 2",48,11
"METAL GEAR SOLID V GROUND ZEROES",47,7
Cogs,47,2
"Fallout 3",47,18
"LEGO MARVEL Super Heroes",47,53
DiggerOnline,47,2
"Duke Nukem Forever",47,10
"Pirates of Black Cove Gold",47,0
"Two Worlds II",47,14
"Operation Flashpoint Red River",47,4
"Pillars of Eternity",47,37
"Space Pirates and Zombies",46,31
"Plague Inc Evolved",46,10
"The Last Remnant",46,16
"Dragon Nest Europe",46,52
"Defense Grid The Awakening",46,18
"Navy Field 2  Conqueror of the Ocean",46,2
"Tom Clancy's Splinter Cell Blacklist",46,17
"Dungeons & Dragons Online",46,26
"System Shock 2",45,3
"Age of Mythology Extended Edition",45,13
"Shadow Warrior",45,6
"Really Big Sky",45,1
"Crash Time II",45,2
"Pid ",45,2
"The Way of Life Free Edition",45,0
"Warhammer 40,000 Dawn of War  Dark Crusade",45,27
"Warhammer 40,000 Dawn of War  Winter Assault",45,4
"Champions Online",45,39
"MicroVolts Surge",45,8
"Magic 2014 ",45,28
"Rome Total War - Alexander",45,10
"Stronghold Crusader Extreme HD",45,7
"Stronghold Crusader HD",45,8
Risen,45,13
"Sid Meier's Railroads!",45,9
Uplink,45,5
"Giana Sisters Twisted Dreams",44,4
"Little Inferno",44,8
"The Sims(TM) 3",44,51
Synergy,44,8
C9,44,0
"CrimeCraft GangWars",44,2
"Resident Evil 6 / Biohazard 6",44,22
"Unreal Tournament 3 Black Edition",44,9
"Run and Fire",44,2
Watch_Dogs,43,18
"METAL GEAR RISING REVENGEANCE",43,10
Shadowgrounds,43,5
"Crayon Physics Deluxe",43,0
"Guardians of Middle-earth",43,2
"You Have to Win the Game",43,1
R.U.S.E,43,34
"Worms Armageddon",43,4
"Fallout Tactics",43,11
"Modular Combat",43,1
Skullgirls,42,10
Receiver,42,3
"Sonic & All-Stars Racing Transformed",42,6
"Beat Hazard",42,6
"Gone Home",42,2
"NARUTO SHIPPUDEN Ultimate Ninja STORM 3 Full Burst",42,19
"Grand Theft Auto",42,0
"Grand Theft Auto 2",42,3
Darwinia,42,3
"Divinity II Developer's Cut",42,11
"Child of Light",41,8
"RPG Maker VX Ace",41,18
"Kung Fury",41,1
"Endless Legend",41,34
"Call of Duty Black Ops III",41,36
"Game of Thrones ",41,13
"Batman Arkham Origins Blackgate - Deluxe Edition",41,5
"Mortal Online",41,1
"X-COM UFO Defense",41,11
"Sid Meier's Pirates!",41,7
"Stealth Inc 2",41,1
"Copa Petrobras de Marcas",41,0
"Far Cry 4",40,36
"Lone Survivor The Director's Cut",40,1
"Frozen Synapse",40,6
Spelunky,40,11
"FINAL FANTASY VIII",40,26
"Remember Me",40,6
"The Secret of Monkey Island Special Edition",40,5
"Velvet Sundown",40,1
"Sniper Ghost Warrior 2",40,7
"The Guild II",40,4
"Warhammer 40,000 Dawn of War  Soulstorm",40,13
KnightShift,40,3
"Sonic Generations",39,21
"Alice Madness Returns",39,8
"Alien Isolation",39,12
"Amnesia A Machine for Pigs",39,4
"Cthulhu Saves the World ",39,3
"Shadowrun Dragonfall - Director's Cut",39,14
Shank,39,3
"Star Wars Starfighter",39,1
Deadbreed,39,3
"Tomb Raider I",39,5
BRINK,39,7
"Thinking with Time Machine",39,2
"Villagers and Heroes",39,4
"Commander Conquest of the Americas Gold",39,0
"Darkest Dungeon",39,21
"The Banner Saga",38,15
"SEGA Genesis & Mega Drive Classics",38,5
Undertale,38,14
"Cities in Motion 2",38,4
"Skullgirls Endless Beta",38,7
"From Dust",38,7
"SteamWorld Dig",38,3
"LEGO The Lord of the Rings",38,8
Hammerfight,38,3
"DARK SOULS II Scholar of the First Sin",38,51
"Pixel Piracy",38,6
"Alien Breed 2 Assault",38,5
"Ascend Hand of Kul",38,6
"EVGA PrecisionX 16",38,17
"Homeworld Remastered Collection",38,11
"The Escapists",38,13
"Mortal Kombat X",38,68
"Dungeons of Dredmor",38,28
"Project Zomboid",38,12
"X-COM Apocalypse",38,5
"X-COM Terror from the Deep",38,15
"Stranded Deep",38,18
"Echo of Soul",38,18
Nether,38,8
"Gauntlet ",38,10
Multiwinia,38,6
"Football Manager 2010",38,375
"Gratuitous Space Battles",37,10
Osmos,37,2
NightSky,37,1
"And Yet It Moves",37,1
"Europa Universalis III",37,68
"Eets Munchies",37,2
FORCED,37,3
"Tomb Raider II",37,2
"Vampire The Masquerade - Bloodlines",37,36
"Batman Arkham City",37,23
"Football Superstars",37,18
"Blood Bowl Legendary Edition",37,28
"Worms Ultimate Mayhem",37,2
"Serious Sam Classic The First Encounter",37,4
"Serious Sam Classic The Second Encounter",37,1
"Serious Sam Classics Revolution",37,0
"Global Agenda",37,37
"BIT.TRIP Presents... Runner2 Future Legend of Rhythm Alien",37,2
"Divine Souls",37,2
"PROTOTYPE 2",36,24
"Valkyria Chronicles",36,10
"Half-Life 2 Update",36,12
"Star Wars - Jedi Knight Mysteries of the Sith",36,8
"The Bridge",36,2
"Tiny and Big Grandpa's Leftovers",36,2
"Men of War Assault Squad",36,63
"Grand Chase",36,1
"Total War ATTILA",36,74
"Wargame AirLand Battle",36,42
"Commandos 2 Men of Courage",36,4
"Cities XL Platinum",36,11
"Batman Arkham Knight",36,15
"X-COM Enforcer",36,1
"X-COM Interceptor",36,5
"Space Hack",36,0
Batla,36,3
"Age of Wonders III",36,35
"THE KING OF FIGHTERS XIII STEAM EDITION",35,3
"Ori and the Blind Forest",35,16
Nidhogg,35,4
Spintires,35,27
"Bully Scholarship Edition",35,10
"Ben There, Dan That!",35,1
"Time Gentlemen, Please!",35,2
"Tomb Raider (VI) The Angel of Darkness",35,2
"Tomb Raider The Last Revelation",35,2
"Tropico 5",35,19
"Relic Hunters Zero",35,4
"Dwarfs F2P",35,3
"Face of Mankind",35,1
Teeworlds,35,2
"ACE - Arena Cyber Evolution",35,1
"Poker Night 2",35,5
"Infinity Wars - Animated Trading Card Game",35,6
"Farming Simulator 2013",35,67
HOARD,34,5
Dustforce,34,5
"E.Y.E Divine Cybermancy",34,5
"Max Payne 2 The Fall of Max Payne",34,9
Forge,34,1
"Tomb Raider Chronicles",34,2
"Tomb Raider III Adventures of Lara Croft",34,1
"Command and Conquer Red Alert 3",34,19
"Dragon Nest",34,32
"Sunrider Mask of Arcadius",34,3
"Soldier Front 2",34,7
"Card Hunter",34,4
"Yet Another Zombie Defense",34,2
"Elite Dangerous",34,74
Evolve,34,23
"Microsoft Flight Simulator X Steam Edition",34,19
"The Showdown Effect",34,3
"GRID Autosport",34,9
"Rise of the Argonauts",34,0
"Boring Man - Online Tactical Stickman Combat",34,4
"Kingdom Wars",34,8
"Sid Meier's Ace Patrol Pacific Skies",34,4
"Sid Meier's Ace Patrol",34,11
"Football Manager 2011",34,366
Prototype,33,17
"Breath of Death VII ",33,1
"MURDERED SOUL SUSPECT",33,5
"Shadowgrounds Survivor",33,3
"DiRT 2",33,11
"Wargame Red Dragon",33,44
"Pinball Arcade",33,1
"DRAGON BALL XENOVERSE",33,39
"Viking Battle for Asgard",33,4
"RAW - Realms of Ancient War",33,2
"MX vs. ATV Reflex",33,5
"Serious Sam 2",33,3
"Duke Nukem 3D Megaton Edition",33,4
"Strike Suit Zero",33,2
"DOOM 3 BFG Edition",33,17
"Max Payne",33,5
MapleStory,33,31
Lucius,33,4
"Borderlands 2 RU",33,48
"S.T.A.L.K.E.R. Clear Sky",32,19
"Hero Siege",32,17
"Hitman Contracts",32,1
"X3 Terran Conflict",32,9
"Toki Tori",32,3
"Back to the Future Ep 2 - Get Tannen!",32,2
"Back to the Future Ep 5 - OUTATIME",32,3
"Back to the Future Ep 1 - It's About Time",32,2
"Back to the Future Ep 4 - Double Visions",32,3
"Back to the Future Ep 3 - Citizen Brown",32,3
"Penumbra Overture",32,2
"Dead Bits",32,2
"Rocketbirds Hardboiled Chicken",32,2
"Shank 2",32,5
"Bad Rats",32,2
"DOOM 3",32,4
"Pirates, Vikings, & Knights II",32,9
Altitude,32,5
"Darksiders II Deathinitive Edition",32,2
"Alien Breed Impact",32,9
"The Plan",32,0
Skyborn,32,3
"Reign Of Kings",32,37
Depth,32,9
"Next Car Game Wreckfest",31,4
"Rise of Nations Extended Edition",31,9
"One Finger Death Punch",31,8
"Democracy 3",31,5
"Resident Evil Revelations / Biohazard Revelations",31,6
"The Long Dark",31,11
"Five Nights at Freddy's 2",31,3
"Bejeweled 3",31,15
"Alpha Protocol",31,4
"Construct 2 Free",31,3
"EverQuest II",31,12
"Shadow Warrior Classic (1997)",31,0
"Farming Simulator 15",31,71
"Thief 2",31,2
Confrontation,31,1
"Painkiller Hell & Damnation",31,3
"Sacred Citadel",31,9
"Spore Galactic Adventures",31,17
"Divine Divinity",31,4
"Euro Truck Simulator",31,1
Unepic,30,9
"Beatbuddy Tale of the Guardians",30,2
Capsized,30,1
"LEGO Worlds",30,6
"Kane & Lynch Dead Men",30,3
Ragnarok,30,1
"EVE Online",30,35
"Red Faction",30,2
"Frontline Tactics",30,23
Saira,30,0
"The Forgotten Ones",30,0
"Lost Planet Extreme Condition",30,3
"Resident Evil Revelations 2 / Biohazard Revelations 2",30,10
"Worms Crazy Golf",30,1
ArcaniA,30,6
Broforce,30,26
"Chaos Domain",30,0
"Realms of the Haunting",30,0
"Might & Magic Duel of Champions",30,105
"Loadout Campaign Beta",30,5
"Viscera Cleanup Detail Santa's Rampage",30,5
"The Culling Of The Cows",30,2
"FINAL FANTASY XIII",29,22
"The Talos Principle",29,18
Shatter,29,3
"Deus Ex The Fall",29,2
Rochard,29,2
Stacking,29,6
"Costume Quest",29,4
"Sam & Max 301 The Penal Zone",29,1
"Sam & Max 302 The Tomb of Sammun-Mak",29,3
"Sam & Max 303 They Stole Max's Brain!",29,3
"Sam & Max 304 Beyond the Alley of the Dolls",29,3
"Sam & Max 305 The City that Dares not Sleep",29,3
"Puzzle Agent",29,4
"Hard Reset",29,5
"Commandos 3 Destination Berlin",29,1
"Amazing World",29,2
"Red Faction II",29,4
"Age of Empires Online",29,83
Mabinogi,29,124
"Reversion - The Escape",29,2
"Game of Thrones - A Telltale Games Series",29,15
"Prime World",29,169
RaiderZ,29,3
Blackguards,29,20
"Combat Arms",29,18
"DOOM II Hell on Earth",29,3
"Master Levels for DOOM II",29,2
"Take On Helicopters",29,8
"Next Car Game Sneak Peek 2.0",28,1
"Rock of Ages",28,2
Proteus,28,0
Bulletstorm,28,13
"METAL SLUG 3",28,4
"Revenge of the Titans",28,3
Gish,28,1
Aquaria,28,4
"Papo & Yo",28,3
"Tower Wars",28,5
"Hazard Ops",28,6
Creativerse,28,8
"Audition Online",28,2
Caster,28,1
"Lost Planet 3",28,11
"Baldur's Gate Enhanced Edition",28,135
"Nosferatu The Wrath of Malachi",28,2
"Pinball FX2",28,16
"Rocksmith 2014",28,69
McPixel,28,3
X-Blades,28,3
"Beyond Divinity",28,1
Eldevin,27,23
"Mad Max",27,17
"The Vanishing of Ethan Carter",27,4
"Battlestations Midway",27,6
"The Vanishing of Ethan Carter Redux",27,0
"A Virus Named TOM",27,2
"Atom Zombie Smasher ",27,6
"Monkey Island 2 Special Edition",27,7
"Octodad Dadliest Catch",27,6
"Football Manager 2016",27,85
"Test Drive Unlimited 2",27,29
"Alpha Prime",27,1
"Dead Rising 2",27,6
"Primal Carnage",27,24
"Stealth Bastard Deluxe",27,2
"Anarchy Arcade",27,1
"TOME Immortal Arena",27,12
"Car Mechanic Simulator 2014",27,3
"DLC Quest",26,3
"Oil Rush",26,2
"Devil May Cry 4",26,6
"Zeno Clash",26,2
EDGE,26,1
"Narcissu 1st & 2nd",26,2
Verdun,26,10
"Rusty Hearts",26,35
"Stronghold 2",26,8
"Stronghold Legends",26,4
"The Evil Within",26,9
"The Guild II - Pirates of the European Seas",26,1
"Serious Sam The Random Encounter",26,0
"Sniper Elite Nazi Zombie Army",26,5
"GameMaker Studio",26,42
8BitBoy,26,3
"The Ultimate DOOM",26,1
"SpellForce 2 - Faith in Destiny",26,36
"Earth 2150 The Moon Project",26,8
"Commandos Beyond the Call of Duty",26,0
"Sins of a Dark Age",26,3
"Commandos Behind Enemy Lines",26,3
"Spore Creepy & Cute Parts Pack",26,8
"UFO Afterlight",26,1
Evoland,25,3
"Sir, You Are Being Hunted",25,2
"Intrusion 2",25,2
"Penny Arcade's On the Rain-Slick Precipice of Darkness 3",25,1
Polarity,25,6
"Hotline Miami 2 Wrong Number",25,10
"Project CARS",25,14
"Ticket to Ride",25,8
"Puzzle Agent 2",25,3
"Trials Evolution Gold Edition",25,16
"Vertiginous Golf",25,0
"Greed Corp",25,4
"Pox Nora",25,5
"DOOM 3 Resurrection of Evil",25,3
"Aliens Colonial Marines",25,10
"Serious Sam Double D XXL",25,0
"Solar 2",25,5
"Leviathan Warships",25,3
"FINAL FANTASY XIV A Realm Reborn",25,301
"Back to Dinosaur Island ",25,2
"Racer 8",25,2
"Joe Danger 2 The Movie",25,1
"Final DOOM",25,1
"Half Minute Hero Super Mega Neo Climax Ultimate Boy",25,4
"Metro Conflict",25,4
Viridi,25,3
"Canyon Capers",25,3
LUFTRAUSERS,24,2
"Tom Clancy's Splinter Cell Chaos Theory",24,1
"Command and Conquer 3 Tiberium Wars",24,9
"Mini Ninjas",24,5
"resident evil 4 / biohazard 4",24,7
"Hacker Evolution",24,2
RUSH,24,3
Botanicula,24,3
"Steel Storm Burning Retribution",24,1
"Hector Ep 1",24,2
"Always Sometimes Monsters",24,5
Closure,24,3
"Command and Conquer 4 Tiberian Twilight",24,12
"Men of War",24,24
"Omerta - City of Gangsters",24,17
"EverQuest Free-to-Play",24,1
"Quantum Rush Online",24,1
Xam,24,0
"Wasteland 2 Director's Cut",24,1
"Valiant Hearts The Great War / Soldats Inconnus  Mmoires de la Grande Guerre",24,5
"Wasteland 1 - The Original Classic",24,3
"Wasteland 2",24,22
"Total War Battles KINGDOM",24,4
"The Guild II Renaissance",24,7
"Nuclear Dawn",24,8
"AI War Fleet Command",24,4
"Hearts of Iron III",24,57
"Murder Miners",24,2
"METAL SLUG DEFENSE",24,3
"Fable Anniversary",24,10
"Unreal Tournament Game of the Year Edition",24,26
"Recettear An Item Shop's Tale",23,13
"Turbo Dismount",23,6
"Out There Somewhere",23,3
"The Incredible Adventures of Van Helsing II",23,11
"Organ Trail Director's Cut",23,2
"The Testament of Sherlock Holmes",23,8
"Wallace & Gromit Ep 1 Fright of the Bumblebees",23,2
"Dungeon Siege 2",23,4
"Dungeon Siege",23,8
"Men of War Red Tide",23,6
"Fiesta Online NA",23,0
"The Banner Saga Factions",23,0
"Sonic Adventure DX",23,1
"Fable III",23,34
"Oddworld Abe's Exoddus",23,3
"NBA 2K15",23,136
Waveform,23,3
"Full Mojo Rampage",23,8
"Toki Tori 2+",23,2
"Monday Night Combat",23,7
"Renegade Ops",23,4
"Grim Fandango Remastered",23,6
"HIS (Heroes In the Sky)",23,1
HuniePop,22,21
BEEP,22,1
"Star Wars The Clone Wars Republic Heroes",22,1
"Woodle Tree Adventures",22,2
"X3 Reunion",22,25
"Samorost 2",22,0
"Worms Clan Wars",22,4
Eets,22,3
"Hector Ep 2",22,5
"Knights of Pen and Paper +1",22,6
"PixelJunk Eden",22,1
Strider,22,2
"Divinity Dragon Commander",22,8
"The Elder Scrolls Online Tamriel Unlimited",22,40
"Eternal Senia",22,2
"World of Soccer online",22,0
DogFighter,22,1
"Mount Your Friends",22,5
"All Is Dust",22,1
"Battle Islands",22,35
"Alien Breed 3 Descent",22,9
"Arma Tactics",22,2
"Wallace & Gromit Ep 2 The Last Resort",22,15
"Wallace & Gromit Ep 3 Muzzled!",22,13
"Wallace & Gromit Ep 4 The Bogey Man",22,4
Vessel,21,1
"Commando Jack",21,2
SolForge,21,3
"Blocks That Matter",21,2
"Driver San Francisco",21,6
"Endless Sky",21,2
"Piercing Blow",21,2
"Marvel Puzzle Quest",21,211
"Arctic Combat",21,6
"Dungeon Party",21,0
"Forsaken World ",21,20
"Puzzle Pirates",21,21
"Dishonored (RU)",21,18
"Among Ripples",21,0
"Prince of Persia The Sands of Time",21,3
"Styx Master of Shadows",21,4
"Assassins Creed Unity",21,20
"Long Live The Queen",21,3
"Dungeon of the Endless",21,10
"Grimoire Manastorm",21,2
"Space Channel 5 Part 2",21,1
Particula,21,2
"Tom Clancy's Rainbow Six Vegas 2",21,8
"King Arthur's Gold",21,3
"Ryse Son of Rome",21,10
"Superfrog HD",21,1
"Anomaly 2",21,2
"The Crew",20,55
"Broken Age",20,10
"Fallen Enchantress Legendary Heroes",20,17
"Gothic 3",20,20
"Peggle Deluxe",20,5
"Hydrophobia Prophecy",20,9
Home,20,2
"Soccer Manager 2016",20,2
"Arma 2 Free",20,1
"Castlevania Lords of Shadow - Ultimate Edition",20,6
"King Arthur - The Role-playing Wargame",20,4
"F1 2012",20,59
"Broken Sword 2 - the Smoking Mirror Remastered",20,6
"Broken Sword 1 - Shadow of the Templars Director's Cut",20,5
Nexuiz,20,1
"Sniper Elite Nazi Zombie Army 2",20,4
"FlatOut 2",20,2
"Eufloria HD",20,10
"Squishy the Suicidal Pig",20,2
"Shadow Warrior Classic Redux",20,1
Magicite,20,14
"Enemy Mind",20,3
"Steel Ocean",20,4
"Dragon's Prophet (EU)",20,30
"The Four Kings Casino and Slots",20,3
"Magic 2015",20,25
"PAYDAY The Web Series - Episode 1",20,0
"Super Killer Hornet Resurrection",20,3
"Get Off My Lawn!",20,5
"Tales from the Borderlands",20,12
"iBomber Defense Pacific",20,4
"Tesla Effect",20,36
"Magic The Gathering  Duels of the Planeswalkers 2012",20,29
"Overcast - Walden and the Werewolf",20,4
"Galaxy on Fire 2 Full HD",20,7
"Battle Nations",20,131
"Anno Online",20,93
"Tropico 3 Absolute Power",20,36
Grimm,20,3
"Anna - Extended Edition",20,4
"Running Shadow",20,0
"Crypt of the NecroDancer",19,22
"AaaaaAAaaaAAAaaAAAAaAAAAA!!! for the Awesome",19,1
"English Country Tune",19,0
"Saints Row Gat out of Hell",19,9
Wizorb,19,1
"Adventures of Shuggy",19,2
"X3 Albion Prelude",19,40
"Ghostbusters The Video Game",19,5
"Talisman Prologue",19,2
"Penumbra Black Plague",19,5
"Insanely Twisted Shadow Planet",19,4
"Penumbra Requiem",19,1
"The Basement Collection",19,3
Uncrowded,19,5
"Halo Spartan Assault",19,2
"MechWarrior Online",19,6
"Battlefield 2",19,14
"DiRT Rally",19,11
"Men of War Assault Squad 2",19,69
"Lost Saga North America",19,6
"District 187",19,6
"LEGO The Hobbit",19,30
"RollerCoaster Tycoon Deluxe",19,13
"Lords Of The Fallen",19,15
"Magic Barrage - Bitferno",19,7
Worms,19,1
"Talisman Digital Edition",19,16
POSTAL,19,2
Eufloria,19,25
"ACE COMBAT ASSAULT HORIZON Enhanced Edition",19,4
"Victoria II",19,41
"Bionic Commando Rearmed",19,0
"Goodbye Deponia",19,4
StarForge,19,6
"Binary Domain",19,5
"Sniper Elite",19,27
Mountain,19,26
"Tabletop Simulator",19,11
"Crazy Taxi",19,1
"Return to Castle Wolfenstein",19,28
"SEGA Bass Fishing",19,0
"The LEGO Movie - Videogame",19,33
SkyDrift,19,2
"Battlestations Pacific",19,15
"Assetto Corsa",19,16
"Unreal Tournament 2004",19,4
"Order of War",19,5
BeamNG.drive,19,7
"Waking Mars",19,4
"Soccer Manager 2015",19,5
"Starseed Pilgrim",18,1
Betrayer,18,2
"Cook, Serve, Delicious!",18,10
Daikatana,18,0
"Mechanic Escape",18,2
"Mercenary Kings",18,8
Syberia,18,3
"GEARCRACK Arena",18,3
"The Ball",18,7
"The Book of Unwritten Tales",18,10
"Prince of Persia",18,1
"The Bard's Tale",18,3
"Transformers Fall of Cybertron",18,13
"Chaos Heroes Online",18,0
"Atlantica Online",18,8
"Magic The Gathering  Tactics",18,7
"Moon Breakers",18,1
3DMark,18,13
Deepworld,18,1
"Prince of Persia The Forgotten Sands",18,14
"Trainz Simulator 12",18,2
"Magic The Gathering - Duels of the Planeswalkers 2013",18,16
"Heroes of Might & Magic III - HD Edition",18,13
"City of Steam Arkadia",18,1
"Race The WTCC Game",18,3
"King's Bounty The Legend",18,12
"God Mode",18,3
"PixelJunk Monsters Ultimate",18,3
"Magicka 2",18,4
HIT,18,0
"Shadows on the Vatican - Act I Greed",18,2
"NiGHTS into Dreams...",18,1
"Q.U.B.E Director's Cut",18,4
"Sleeping Dogs Definitive Edition",18,13
"Wolfenstein The Old Blood ",18,7
"The Secret World",18,22
"Hell Yeah!",18,3
"Passing Pineview Forest",18,0
"NBA 2K14",18,93
"Gorky 17",18,7
"Earth 2150 Lost Souls",18,5
Anachronox,17,0
"Door Kickers",17,5
"Gothic II Gold Edition",17,1
"Need for Speed Undercover",17,10
"Syberia 2",17,1
"Indie Game The Movie",17,3
"My Lands",17,4
"Quantum Conundrum",17,5
"BIT.TRIP BEAT",17,2
"Defense Grid 2",17,9
Aion,17,10
Echoes+,17,1
"Fiesta Online",17,6
"Uncharted Waters Online",17,181
Fuse,17,2
Dethroned!,17,0
"Takedown Red Sabre",17,3
"Hacker Evolution - Untold",17,2
"Revolution Ace",17,2
"The Hat Man Shadow Ward",17,2
"Nation Red",17,7
"Hospital Tycoon",17,2
"Chaos on Deponia",17,8
"Rise of Flight United",17,1
"Dead Rising 3",17,12
"Warhammer End Times - Vermintide",17,18
CroNix,17,1
Dwarfs!?,17,1
"PAC-MAN Championship Edition DX+",17,3
"Sine Mora",17,2
"Victory Command",17,0
"Shattered Horizon",17,5
"Scania Truck Driving Simulator",17,2
"Baldur's Gate II Enhanced Edition",17,475
Jazzpunk,16,2
"They Bleed Pixels",16,2
"Lego Harry Potter",16,9
"Zen Bound 2",16,1
"Plain Sight",16,3
"Fork Parker's Holiday Profit Hike",16,0
"Memoir '44 Online",16,8
"Gotham City Impostors",16,6
"Galactic Civilizations III",16,48
"RADical ROACH Deluxe Edition",16,3
"King Arthur II - The Role-playing Wargame",16,6
"Mars War Logs",16,4
"Five Nights at Freddy's 4",16,1
"Tom Clancy's Rainbow Six Vegas",16,1
"NARUTO SHIPPUDEN Ultimate Ninja STORM Revolution",16,15
Legendary,16,1
"Heroes of Might & Magic V",16,10
"Sigils of Elohim",16,127
"Bunch Of Heroes",16,1
"Gemini Rue",16,3
"King's Bounty Armored Princess",16,15
"Aliens versus Predator Classic 2000",16,2
"Post Apocalyptic Mayhem",16,4
"Prince of Persia The Two Thrones",16,8
Devilian,16,8
"Galcon 2",16,1
"On the Rain-Slick Precipice of Darkness, Episode One",16,11
"On the Rain-Slick Precipice of Darkness, Episode Two",16,41
"Tap Tap Infinity",16,4
"Savage Lands",16,4
"Craft The World",16,53
"SpellForce 2 Gold Edition",16,3
"Call of Juarez The Cartel",16,7
"Lambda Wars Beta",16,7
"Pool Nation",16,4
"Quake III Arena",16,3
Quake,16,3
"Quake III Team Arena",16,1
"Medieval Engineers",16,3
"Stronghold Crusader 2",16,31
"Destination Sol",16,2
Godus,16,8
"CastleMiner Z",16,5
"Unreal Gold",16,2
"Unreal II The Awakening",16,1
"Weird Worlds Return to Infinite Space",16,1
"Tom Clancy's Splinter Cell",16,1
"Tom Clancy's Splinter Cell Double Agent",16,4
"Memories of a Vagabond",16,3
"Hyper Fighters",16,0
"Bridge Project",16,1
"Blades of Time",16,8
"Slender The Arrival",16,3
Symphony,15,2
"The Legend of Korra",15,5
"Axis Game Factory's AGFPRO 3.0",15,2
"Geometry Dash",15,22
Deadpool,15,10
"Lugaru HD ",15,2
"Crazy Machines 2",15,4
Windosill,15,1
"The Cave",15,9
"Offspring Fling!",15,3
"A Game of Thrones - Genesis",15,6
"Sang-Froid - Tales of Werewolves",15,4
"Shovel Knight",15,12
"Rayman Legends",15,21
Demigod,15,13
"Abyss Odyssey",15,4
"Hero Academy",15,40
"King's Bounty Crossworlds",15,62
"Before the Echo",15,2
"Prince of Persia Warrior Within",15,8
"Frozen Hearth",15,2
"Legend of Grimrock 2",15,6
"Just Cause 3",15,15
"Kingdom Rush",15,65
"The 39 Steps",15,3
"Evil Genius",15,17
"Sakura Spirit",15,3
"Ionball 2  Ionstorm",15,3
"Edna & Harvey Harvey's New Eyes",15,3
"Oddworld Stranger's Wrath HD",15,2
"Blood Bowl Chaos Edition",15,94
"The Settlers Online",15,1
"Hostile Waters Antaeus Rising",15,3
"Smashmuck Champions",15,2
"Quake Mission Pack 1 Scourge of Armagon",15,0
"Quake Mission Pack 2 Dissolution of Eternity",15,0
"Orbital Gear",15,1
"F1 2013",15,47
"A New Beginning - Final Cut",15,7
"Gang Beasts",15,13
"The Baconing",15,5
"Construction-Simulator 2015",15,26
"Saints Row IV Inauguration Station",15,1
"Color Symphony",15,0
"Disney Infinity 3.0 Play Without Limits",15,1
"Hacker Evolution Duality",15,1
"Star Ruler",15,52
"Starpoint Gemini 2",14,7
"Sonic Adventure 2 ",14,6
"Grow Home",14,8
404Sight,14,1
"Camera Obscura",14,5
"Command and Conquer 3 Kane's Wrath",14,11
Gothic,14,1
"I am Bread",14,5
"LEGO Harry Potter Years 5-7",14,24
"One Way Heroics",14,4
Outland,14,3
"Cortex Command",14,1
"X2 The Threat",14,28
"Pixel Puzzles Japan",14,5
"TrackMania Stadium",14,24
"The Tiny Bang Story",14,12
Snapshot,14,0
"Solstice Arena",14,2
"Need for Speed SHIFT",14,5
"Sins of a Solar Empire Trinity",14,16
Smashball,14,2
"Let the Cat In",14,0
"Of Orcs And Men",14,7
"Earth 2160",14,6
"Town of Salem",14,14
"Legacy of Kain Soul Reaver",14,1
"Legacy of Kain Soul Reaver 2",14,0
FlatOut,14,1
"Uncharted Waters Online Gran Atlas",14,63
"Neverwinter Nights 2 Platinum",14,43
"Cobi Treasure Deluxe",14,1
"Blade Symphony",14,11
"The Dig",14,3
"Painkiller Redemption",14,1
"Cities in Motion",14,24
"IL-2 Sturmovik Cliffs of Dover",14,21
"Divinity Dragon Commander Beta",14,4
Gnomoria,14,26
"Bionic Dues",14,2
"Penguins Arena Sedna's World",14,5
"Rush Bros",14,1
"Call of Juarez Bound in Blood",14,6
"KickBeat Steam Edition",14,9
"Vertical Drop Heroes HD",14,2
CastleStorm,14,6
"Dream Of Mirror Online",14,1
Xenonauts,14,15
"Carrier Command Gaea Mission",14,2
"FINAL FANTASY XIII-2",14,12
"Dead Rising 2 Off the Record",14,13
"Quake II",14,3
"Grim Dawn",14,17
Subnautica,14,10
"Resident Evil / biohazard HD REMASTER",14,8
"D.I.P.R.I.P. Warm Up",14,4
"Genesis Online",14,1
Spirits,14,3
"Transformers War for Cybertron",14,9
"Gun Metal",14,4
"NBA 2K9",14,33
"Uriel's Chasm",14,2
"Clown House (Palyao Evi)",14,0
"Section 8 Prejudice",14,5
"SpellForce Platinum Edition",14,11
Serena,14,1
"Super Sanctum TD",14,5
Gunscape,14,1
"Geometry Wars Retro Evolved",14,2
"Strike Suit Infinity",14,4
"Bridge Constructor",14,4
"Crysis 2",14,22
"Lethal League",14,2
"Strike Vector",13,1
140,13,1
"Galcon Fusion",13,2
GameGuru,13,5
TypeRider,13,3
"Cannons Lasers Rockets",13,1
"Portal 2 - The Final Hours",13,1
"Midnight Club II",13,7
"The Longest Journey",13,4
"The Misadventures of P.B. Winterbottom",13,1
AirBuccaneers,13,1
DETOUR,13,1
"The Whispered World Special Edition",13,2
"EasyAntiCheat eSports",13,9
"the static speaks my name",13,0
"Curse of Mermos",13,1
"Heroes of Scene",13,6
"SiN Episodes Emergence",13,2
SiN,13,0
"Anno 1404",13,14
"Magic The Gathering - Duels of the Planeswalkers",13,21
"Blood of Old",13,4
"Shift 2 Unleashed",13,14
"Guild Wars",13,148
"I Have No Mouth, and I Must Scream",13,1
Morphopolis,13,2
Minimum,13,6
Robotex,13,5
"Retro City Rampage DX",13,2
"Lead and Gold - Gangs of the Wild West",13,4
SOMA,13,11
"Warmachine Tactics",13,9
"DUNGEONS - Steam Special Edition",13,10
"Bloody Trapland",13,1
"Dragomon Hunter",13,2
"Painkiller Black Edition",13,6
"Car Mechanic Simulator 2015",13,9
"Planetary Annihilation TITANS",13,10
"Life is Feudal Your Own",13,28
"Sid Meier's Starships",13,12
"You Need A Budget 4 (YNAB)",13,14
"Wanderlust Rebirth",13,4
"Lego Star Wars Saga",13,5
"Ultimate Tic-Tac-Toe",13,2
"ENSLAVED Odyssey to the West Premium Edition",13,3
"Rise of the Triad",13,2
"Robot Roller-Derby Disco Dodgeball",13,4
"NBA 2K16",13,83
"Disciples III Renaissance",13,92
"Lichdom Battlemage",13,4
"Humanity Asset",13,3
"Medal of Honor Airborne",13,26
"The Typing of The Dead Overkill",13,3
"Call of Duty 2",13,5
Rocksmith,13,13
"Wild Warfare",13,3
"Port Royale 3",13,16
"Savant - Ascent",13,0
Famaze,13,0
"Dragon's Prophet",13,9
Krater,13,6
"Viscera Cleanup Detail",13,6
"Spartans Vs Zombies Defense",13,1
StarDrive,13,18
Battlepaths,13,5
FaceRig,13,2
Epigenesis,13,2
"Pool Nation FX",13,1
"Might & Magic Heroes Online",13,1
"TowerFall Ascension",13,11
"Rustbucket Rumble",13,0
"Commander Keen Complete Pack",13,2
"Why So Evil",13,12
"Sparkle 2 Evo",13,2
"Poly Bridge",12,5
"Sunless Sea",12,8
Blockland,12,4
"Jack Lumber",12,6
"Killer is Dead",12,2
"The Cat Lady",12,2
"Painkiller Overdose",12,0
"Faerie Solitaire",12,8
Singularity,12,10
"Sinister City",12,3
TRAUMA,12,1
Damned,12,2
"Dr. Langeskov, The Tiger, and The Terribly Cursed Emerald A Whirlwind Heist",12,0
"Nikopol Secrets of the Immortals",12,1
"Toy Soldiers",12,16
"Velvet Assassin",12,2
"The Polynomial",12,1
Startopia,12,5
"BloodRealm Battlegrounds",12,2
"Jagged Alliance - Back in Action",12,25
CaesarIA,12,1
"Five Nights at Freddy's 3",12,2
"The Guild Gold Edition",12,2
"Blood Omen 2 Legacy of Kain",12,1
"12 Labours of Hercules II The Cretan Bull",12,4
Saviors,12,3
"The Fish Fillets 2",12,0
"Agarest Generations of War",12,16
"Angry Video Game Nerd Adventures",12,2
"RACE Caterham Expansion",12,0
"King Arthur Collection",12,3
"Blackguards 2",12,28
"Colin McRae Rally",12,3
"Age of Conan Unchained - EU version",12,21
"Metal Reaper Online",12,3
"Speedball 2 HD",12,4
"Battle Battalions",12,0
"Pro Evolution Soccer 2015",12,208
"Planet Explorers",12,16
"Interstellar Marines",12,4
"HeXen II",12,1
"Oddworld Munch's Oddysee",12,1
OlliOlli,12,6
"Sweet Lily Dreams",12,21
"Tales from Space Mutant Blobs Attack",12,1
"Urban Trial Freestyle",12,2
"Rayman Origins",12,12
"Bound By Flame",12,12
Nux,12,4
Tidalis,12,1
"Swords and Soldiers HD",12,3
"Cities XL 2012",12,43
"Estranged Act I",12,3
"Sacred Gold",12,2
Pressured,12,2
"RollerCoaster Tycoon 2 Triple Thrill Pack",12,10
"Front Mission Evolved",12,8
A.R.E.S.,12,3
"Tom Clancy's Ghost Recon Future Soldier",12,19
"Grey Goo",12,11
"Depression Quest",12,2
"War for the Overworld",12,10
"Platypus II",12,5
Chip,12,2
"Might & Magic Clash of Heroes",12,21
Cubemen,12,2
Splice,12,1
Chains,12,3
"Madballs in...Babo Invasion",12,2
"IL-2 Sturmovik 1946",12,4
"Heroes of SoulCraft",12,1
"Professional Farmer 2014",12,5
"Dev Guy",12,1
"The Legend of Heroes Trails in the Sky",11,13
"PixelJunk Shooter",11,3
"A Story About My Uncle",11,3
"Draw a Stickman EPIC",11,1
"Game Character Hub",11,0
"LEGO Batman The Videogame",11,12
"Never Alone (Kisima Ingitchuna)",11,11
"Crusaders of the Lost Idols",11,88
"FlatOut Ultimate Carnage",11,12
"Ghost Master",11,5
"Peggle Nights",11,5
Anodyne,11,3
Pressure,11,3
"STORM Frontline Nation",11,149
"Valdis Story Abyssal City",11,20
"Two Worlds II Castle Defense",11,2
"Men of War Vietnam",11,8
"Wings of Prey",11,39
"Codename Gordon",11,0
"Ravensword Shadowlands",11,1
"Terra Incognita ~ Chapter One The Descendant",11,32
Greyfox,11,7
Mafia,11,9
"Zombie Driver",11,2
"Penny Arcade's On the Rain-Slick Precipice of Darkness 4",11,22
"Indiana Jones and the Fate of Atlantis",11,3
"Indiana Jones and the Last Crusade",11,2
Loom,11,2
"Total War Battles SHOGUN",11,4
GRAV,11,14
"Gems of War",11,42
Orborun,11,0
"Missing Translation",11,1
"Esenthel Engine",11,0
"Zeno Clash 2",11,5
"Trine 3 The Artifacts of Power",11,8
"Deadly Premonition The Director's Cut",11,3
"Wolfenstein 3D",11,0
"Space Run",11,5
"Kings Bounty Legions",11,11
"Shower With Your Dad Simulator 2015 Do You Still Shower With Your Dad",11,1
Anoxemia,11,6
"Analogue A Hate Story",11,3
"Avadon The Black Fortress",11,0
Blockstorm,11,1
Escape,11,0
"Black Mesa",11,17
"Castle Story",11,11
"Crystals of Time",11,2
"Devil May Cry 3 Special Edition",11,4
"Lost Planet 2",11,4
"Golden Rush",11,1
"Dungeon Defenders Eternity",11,11
QuestRun,11,7
"Railroad Tycoon 3",11,4
"Railroad Tycoon 2 Platinum",11,19
"Patrician IV Steam Special Edition",11,16
"how do you Do It?",11,0
Warside,11,1
"Nuclear Throne",11,6
"Kung Fu Strike The Warrior's Rise",11,1
"Shadowrun Hong Kong",11,15
"Earth 2150 Trilogy",11,2
"Peggle Extreme",11,3
"Apotheon Arena",11,1
"Keep Talking and Nobody Explodes",11,4
"Aveyond 3-2 Gates of Night",11,0
"SpellForce 2 - Demons of the Past",11,2
"Heroes of Might & Magic V Tribes of the East",11,84
"FINAL FANTASY III",10,16
LISA,10,11
"Skulls of the Shogun",10,9
"Sonic CD",10,2
"Ys Origin",10,8
"X Beyond the Frontier",10,1
"Tales of Monkey Island Chapter 1 - Launch of the Screaming Narwhal",10,4
"Tales of Monkey Island Chapter 2 - The Siege of Spinner Cay ",10,4
"Tales of Monkey Island Chapter 3 - Lair of the Leviathan ",10,6
"Tales of Monkey Island Chapter 4 - The Trial and Execution of Guybrush Threepwood ",10,5
"Tales of Monkey Island Chapter 5 - Rise of the Pirate God",10,4
Gravilon,10,3
"Iron Brigade",10,3
"The Chronicles of Riddick Assault on Dark Athena",10,9
"The Novelist",10,1
"Simply Chess",10,1
"Eternal Fate",10,2
"Wind of Luck Arena",10,7
"Assassin's Creed Freedom Cry",10,3
"Trials Fusion",10,20
"Shoot Many Robots",10,7
La-Mulana,10,3
"Disciples II Gallean's Return",10,10
"Frankenstein Master of Death",10,4
"Lilly and Sasha Curse of the Immortals",10,5
"SUPER DISTRO",10,5
"Hyperdimension Neptunia Re;Birth1",10,3
"Castlevania Lords of Shadow 2",10,18
"Dogs of War Online - Beta",10,2
"Speedball 2 Tournament",10,2
"DUNGEONS - The Dark Lord (Steam Special Edition)",10,5
"Edge of Space",10,3
ProtoGalaxy,10,0
"12 Labours of Hercules",10,5
"World in Conflict Soviet Assault",10,6
"World in Conflict",10,1
"Metal Gear Solid Legacy",10,1
"Rebel Galaxy",10,11
"Gas Guzzlers Extreme",10,13
"Tower of Guns",10,1
"Grotesque Tactics Evil Heroes",10,13
"Heretic Shadow of the Serpent Riders",10,1
"HeXen Beyond Heretic",10,0
"RPG Maker XP",10,15
"Septerra Core",10,2
"Beyond Good & Evil",10,5
"Eador. Masters of the Broken World",10,36
"Bus Driver",10,0
"Contraption Maker",10,7
"Risen 3 - Titan Lords",10,14
"100% Orange Juice",10,9
"Eurofighter Typhoon",10,0
LYNE,10,9
"Darkwind War on Wheels",10,0
"The Old Tree",10,0
"Jigoku Kisetsukan Sense of the Seasons",10,4
"Evolution RTS",10,0
"Call of Duty",10,3
"TDP5 Arena 3D",10,0
Shelter,10,2
"Ravaged Zombie Apocalypse",10,1
"Universe at War Earth Assault",10,10
"Ship Simulator Extremes",10,15
"Epic Arena",10,1
"Imperium Romanum Gold Edition",10,6
Quintet,10,1
"RPG MO",10,3
StarMade,10,18
"Prime World Defenders",10,6
"I Am Alive",10,31
"Larva Mortus",10,0
"Jet Gunner",10,2
"Wolfenstein The New Order German Edition",10,25
"Victim of Xen",10,3
"Cossacks II Napoleonic Wars",10,2
"Eternal Silence",10,1
"Lunar Flight",10,3
"Dead Realm",10,5
"Freedom Force",10,2
"Freedom Force vs. the 3rd Reich",10,32
"A Valley Without Wind",10,1
"A Valley Without Wind 2",10,0
"The Journey Down Chapter One",10,3
"The Void",10,1
AquaNox,10,0
"Tales Runner",10,0
Miasmata,9,2
"No Time To Explain Remastered",9,6
"Ballpoint Universe Infinite",9,1
"Giana Sisters Twisted Dreams - Rise of the Owlverlord",9,1
Screencheat,9,4
Survivalist,9,13
X-Tension,9,1
"Defense Grid 2 A Matter of Endurance",9,2
"Sam & Max 101 Culture Shock",9,3
"Sam & Max 102 Situation Comedy",9,2
"Sam & Max 103 The Mole, the Mob and the Meatball",9,2
"Sam & Max 105 Reality 2.0",9,3
"Sam & Max 106 Bright Side of the Moon",9,5
"Trials 2 Second Edition",9,3
"ibb & obb",9,2
Obulis,9,3
"Anomaly Korea",9,1
"Broken Sword 5 - the Serpent's Curse",9,14
Incredipede,9,2
"Jurassic Park The Game",9,1
"Black Fire",9,1
"Tom Clancy's Ghost Recon Advanced Warfighter 2",9,0
"LEGO Batman 2",9,14
"Infested Planet",9,9
"Kentucky Route Zero",9,2
"The Stomping Land",9,7
"Broken Sword 3 - the Sleeping Dragon",9,0
"Guild Wars Trilogy",9,10
"Fight The Dragon",9,13
"Disciples III Resurrection",9,5
"Call of Cthulhu Dark Corners of the Earth",9,12
FUEL,9,3
"PARTICLE MACE",9,1
"Quake 4",9,2
"Double Dragon Neon",9,3
"Puzzle Quest",9,37
"Fractal Make Blooms Not War",9,1
"Street Fighter IV",9,9
"X Rebirth",9,40
"Galactic Civilizations I Ultimate Edition",9,19
"Hack 'n' Slash",9,3
DeadCore,9,3
Eldritch,9,6
"Street Racing Syndicate",9,1
"King's Bounty Warriors of the North",9,153
"Dead Pixels",9,1
"Legend of Dungeon",9,1
"WTFast Gamers Private Network (GPN)",9,7
Wickland,9,1
Hurtworld,9,36
"Survival Postapocalypse Now",9,9
"The Settlers 7 Paths to a Kingdom - Gold Edition",9,15
"Train Fever",9,19
"Scribblenauts Unmasked",9,5
"Syder Arcade",9,2
"Fairy Bloom Freesia",9,8
"Defender's Quest Valley of the Forgotten",9,6
"A Bird Story",9,2
Requiem,9,1
"Grand Ages Rome",9,11
"Gladiators Online Death Before Dishonor",9,0
"Invisible, Inc.",9,9
Nihilumbra,9,2
"Volgarr the Viking",9,5
"Arx Fatalis",9,12
"Snuggle Truck",9,1
"The Dark Eye Chains of Satinav",9,7
"Dawn of Discovery",9,9
"NEKOPARA Vol. 1",9,5
"Incoming Forces",9,8
"Trucks & Trailers",9,0
"Space Trader Merchant Marine",9,2
"The Lost Crown",9,4
"Thunder Wolves",9,2
Distance,8,8
"Secrets of Rtikon",8,1
Fieldrunners,8,1
KAMI,8,0
"Ethan Meteor Hunter",8,0
"Finding Teddy",8,1
"Last Word",8,7
"99 Levels To Hell",8,1
"The Wonderful End of the World",8,4
"AaAaAA!!! - A Reckless Disregard for Gravity",8,4
"Sam & Max 201 Ice Station Santa",8,4
"Sam & Max 202 Moai Better Blues",8,8
"Sam & Max 205 What's New Beelzebub?",8,6
"Deponia The Complete Journey",8,20
"The Jackbox Party Pack",8,72
Chime,8,3
"Fate of the World",8,3
Blur,8,7
"Dogfight 1942",8,2
"Dreamfall The Longest Journey",8,5
"Men of War Condemned Heroes",8,9
"The Night of the Rabbit",8,8
"The Whispered World",8,2
Towns,8,11
"Epic Cards Battle(TCG)",8,0
"Trapped Dead",8,1
"Tom Clancy's H.A.W.X. 2",8,4
Darkspore,8,25
"Break Into Zatwor",8,2
"LEGO Batman 3 Beyond Gotham",8,25
Prey,8,4
"Space Hulk",8,8
"TDP4Team Battle",8,2
"Frozen Free Fall Snowball Fight",8,0
"Tom Clancy's Rainbow Six Siege",8,23
Chantelise,8,0
"BookWorm Deluxe",8,7
"Jet Set Radio",8,4
"Temper Tantrum",8,4
"New kind of adventure",8,3
"The Howler",8,3
"Farming Simulator 2011",8,55
"Absconding Zatwor",8,11
"DYNASTY WARRIORS 8 Xtreme Legends Complete Edition",8,20
"Vanguard Princess",8,2
Droplitz,8,1
"MEDIEVAL Total War - Gold Edition",8,13
"Metal War Online Retribution",8,2
"Another World",8,1
"Painkiller Resurrection",8,1
Sengoku,8,3
"Football Manager 2016 Demo",8,4
"F1 2014",8,9
"Oddworld New 'n' Tasty",8,4
"Dead Effect",8,1
"Grotesque Tactics 2 - Dungeons and Donuts",8,86
"Jade Empire Special Edition",8,17
"Little Racers STREET",8,4
"Painkiller Recurring Evil",8,8
"Planets Under Attack",8,14
Q.U.B.E.,8,3
"Spacebase DF-9",8,9
"Wolfenstein 3D Spear of Destiny",8,0
"Hunted The Demon's Forge",8,6
Contrast,8,4
"Tony Hawk's Pro Skater HD",8,9
"NEO Scavenger",8,5
Aerena,8,2
"Iron Grip Warlord",8,5
"One Manga Day",8,1
"Rising Angels Reborn",8,6
"Voices from the Sea",8,1
GooCubelets,8,2
"Why So Evil 2 Dystopia",8,6
"Call of Duty United Offensive",8,94
"Out of the Park Baseball 14",8,103
DeathSpank,8,11
"Hatoful Boyfriend",8,6
"Silent Hill Homecoming",8,3
"Might & Magic X - Legacy ",8,37
"Electronic Super Joy",8,2
"DeathSpank Thongs Of Virtue",8,6
Impire,8,16
"Helicopter Simulator 2014 Search and Rescue",8,1
Tropico,8,1
Swipecart,8,3
"Dragon Age Origins Character Creator",8,1
"Super Splatters",8,1
"Disciples III Reincarnation",8,179
"Battlegrounds of Eldhelm",8,0
"Bloons TD5",8,21
"Gothic 3 Forsaken Gods Enhanced Edition",8,5
"Edna & Harvey The Breakout",8,3
"Cities XL 2011",8,11
"American Conquest",8,0
"Cossacks Back to War",8,10
"Pink Heaven",8,0
"Dawn of Discovery - Venice",8,37
"Go! Go! Nippon! ~My First Trip to Japan~",8,3
"NBA 2K13",8,51
"Numba Deluxe",8,0
"The Path",8,2
"Alien Rage - Unlimited",8,3
"Avernum Escape From the Pit",8,86
"Frontlines Fuel of War",8,1
"Air Conflicts Pacific Carriers",8,3
Planetbase,8,4
"Heroes of Might & Magic V Hammers of Fate",8,9
"I, Zombie",8,0
"Crossfire Europe",8,1
Divekick,7,6
"Galcon Legends",7,2
"WRC 4 FIA WORLD RALLY CHAMPIONSHIP",7,5
"Phantom Breaker Battle Grounds",7,11
"Breach & Clear",7,2
"Fieldrunners 2",7,125
"Ittle Dew",7,1
"Mitsurugi Kamui Hikae",7,0
"Remnants Of Isolation",7,2
"The Beginner's Guide",7,2
"Flatout 3",7,4
"Dreamfall Chapters",7,5
"1... 2... 3... KICK IT! (Drop That Beat Like an Ugly Baby)",7,4
"Alchemy Mysteries Prague Legends",7,4
"Sam & Max 104 Abe Lincoln Must Die!",7,2
"Jolly Rover",7,0
"Secret Files Tunguska",7,4
"The Book of Unwritten Tales The Critter Chronicles",7,14
"The Dream Machine",7,4
"Pyramid Raid",7,0
"Primal Carnage Extinction",7,58
"LEGO Jurassic World",7,16
"Among the Sleep",7,2
"Space Empires IV Deluxe",7,11
"Fortune Summoners Secret of the Elemental Stone",7,28
FATE,7,13
"Assassins Creed Chronicles China",7,5
"Disciples II Rise of the Elves",7,0
DiRT,7,4
"Flesh Eaters",7,2
"Strong Bad Episode 1 Homestar Ruiner",7,4
"Strong Bad Episode 2 Strong Badia the Free",7,3
"Strong Bad Episode 3 Baddest of the Bands",7,3
"Strong Bad Episode 4 Dangeresque 3",7,1
"Sun Blast",7,3
"Jagged Alliance Online - Steam Edition",7,2
"Majesty 2 Collection",7,23
Teslagrad,7,2
"Star Trek D-A-C",7,1
"March of the Eagles",7,13
"Insaniquarium! Deluxe",7,9
"Scourge Outbreak",7,5
"Tales of Zestiria",7,28
Bardbarian,7,7
Knock-knock,7,2
"Legend of Mysteria",7,2
"Close Your Eyes",7,2
"Runaway A Road Adventure",7,4
"Age of Wonders Shadow Magic",7,18
"Lost Lands A Hidden Object Adventure",7,0
Voxelized,7,5
"Puzzle Dimension",7,6
"Hack, Slash, Loot",7,1
"Majesty 2",7,33
"Wrath of Athena",7,0
"Small World 2",7,5
"Games of Glory",7,0
"Without Within",7,0
Riven,7,1
"Sword of the Stars II Enhanced Edition",7,74
"Airline Tycoon 2",7,6
Terrorhedron,7,2
"Jagged Alliance 2 - Wildfire ",7,7
DisplayFusion,7,0
"Empyrion - Galactic Survival",7,18
"Cossacks Art of War",7,33
"Darkest Hour A Hearts of Iron Game",7,31
"Bloody Good Time",7,10
"Warlock 2 the Exiled",7,48
"Audiosurf 2",7,16
NotGTAV,7,1
Lume,7,1
"Minecraft Story Mode - A Telltale Games Series",7,7
"Expeditions Conquistador",7,46
"Sword of the Stars The Pit",7,5
"60 Seconds!",7,2
"Sherlock Holmes Crimes and Punishments",7,13
"DarkStar One",7,14
"Patrician IV Rise of a Dynasty",7,25
"LIGHTNING RETURNS FINAL FANTASY XIII",7,32
"Hand Of Fate",7,7
"Meridian New World",7,1
"The Fall",7,1
"Titan Attacks",7,2
"Steam Marines",7,1
"Card City Nights",7,1
"Cargo Commander",7,2
"Deus Ex Revision",7,0
Roogoo,7,0
"Zombie Shooter 2",7,4
"F1 2015",7,19
"Duck Game",7,18
"Gumboy Crazy Features",7,0
"Gumboy Crazy Adventures",7,1
"The Cat and the Coup",7,0
"Vigil Blood Bitterness",7,0
Fingerbones,7,0
"Sacred 3",7,26
"Rise of Venice",7,4
"Agricultural Simulator 2013 Steam Edition",7,23
"Anomaly Warzone Earth Mobile Campaign",7,2
"Cossacks II Battle for Europe",7,3
"Cossacks European Wars",7,4
"Knights of Honor",7,40
"Universe Sandbox ",7,3
"Star Wolves 3 Civil War",7,8
Borealis,7,2
"Brilliant Bob",7,7
"Batman Arkham Asylum",7,21
"Mini Metro",7,18
"How To Survive Third Person",7,1
Light,7,2
"NEKOPARA Vol. 0",7,2
Despair,7,5
"Thirty Flights of Loving",7,1
Hatred,7,2
Alganon,7,1
Reassembly,6,13
Overgrowth,6,7
Bleed,6,2
"Freedom Planet",6,2
"Kill The Bad Guy",6,0
Cinders,6,3
"Spriter Pro",6,3
GASP,6,0
Cryostasis,6,6
"Grim Legends The Forsaken Bride",6,7
"The Maw",6,8
Chaser,6,4
Ichi,6,4
Nimbus,6,1
Sideway,6,0
"The Raven - Legacy of a Master Thief",6,9
"Full Spectrum Warrior Ten Hammers",6,5
"Section 8",6,14
"Teenage Mutant Ninja Turtles Out of the Shadows",6,6
"SONIC THE HEDGEHOG 4 Episode II",6,6
"RISK Factions",6,3
"Out of the Park Baseball 15",6,137
"Anno 1404 Venice",6,17
Horizon,6,6
"Tom Clancy's Rainbow Six 3 Gold Edition",6,4
"Offworld Trading Company",6,13
"FINAL FANTASY XI",6,25
"Road Redemption",6,5
Guncraft,6,2
"Deadly Profits",6,3
"The Slaughtering Grounds",6,4
"ToCA Race Driver 3",6,8
"Shufflepuck Cantina Deluxe VR",6,6
"FINAL FANTASY TYPE-0 HD",6,2
"Dungeons & Dragons Chronicles of Mystara",6,4
"Party of Sin",6,2
"Secret of the Magic Crystal",6,2
"Krosmaster Arena",6,2
"Escape Rosecliff Island",6,3
"Feeding Frenzy 2 Shipwreck Showdown Deluxe",6,0
HELLDIVERS,6,5
"bit Dungeon II",6,5
"Our Darker Purpose",6,4
"Secret Of Magia",6,11
"Star Trek",6,1
"Digital Combat Simulator A-10C Warthog",6,1
"Cities XXL",6,16
"Final Exam",6,1
"Runaway A Twist of Fate",6,0
Yesterday,6,6
"Conquest of Champions",6,2
Fortix,6,1
"12 Labours of Hercules III Girl Power",6,7
Burgers,6,8
FLY'N,6,1
"Wizardry Online",6,1
"PC Gamer",6,0
"Myst Masterpiece Edition",6,2
"Dynamite Jack",6,0
"Soul Gambler",6,17
Element4l,6,4
"Dead Horde",6,1
"Frozen Synapse Prime",6,1
realMyst,6,1
DRAKERZ-Confrontation,6,2
"Kingdoms CCG",6,100
"Patrician III",6,1
"Rampage Knights",6,19
"Her Story",6,4
Ultratron,6,2
Interplanetary,6,2
"Sword of the Stars Complete Collection",6,210
"F1 2010",6,19
"Blaster Shooter GunGuy!",6,2
"Neighbours from Hell",6,2
"Neighbours from Hell 2",6,0
"Puzzle Bots",6,0
TerraTech,6,15
"Naval Warfare",6,1
"F1 2011",6,16
"Rag Doll Kung Fu",6,0
"Karos Returns",6,2
"Deadly 30",6,3
"Space Farmers",6,2
BattleSpace,6,1
"DuckTales Remastered",6,4
"Dungeons & Dragons Daggerdale",6,3
Ampu-Tea,6,1
"Ring Runner Flight of the Sages",6,1
"Call of Juarez",6,6
Praetorians,6,0
"Skyscraper Simulator",6,14
"Silent Hunter III",6,4
"Boson X",6,5
"Project Snowblind",6,1
"Hero of the Kingdom",6,5
"All Zombies Must Die!",6,4
"Dungeons 2",6,14
"Bloodwood Reload",6,0
Nightbanes,6,99
TimeShift,6,4
"Blood Bowl 2",6,41
"Scratches Director's Cut",6,4
"Legend of Dungeon Masters",6,14
"10 Second Ninja",6,3
"TrackMania United",6,8
"FootLOL Epic Fail League",6,3
Stonehearth,6,7
Hacknet,6,3
"MirrorMoon EP",6,1
"Lifeless Planet",6,11
Grimind,6,1
Tinboy,6,1
"Farm Machines Championships 2014",6,0
Windward,6,17
"Jagged Alliance Crossfire",6,1
Ignite,6,0
"Real Horror Stories Ultimate Edition",6,0
Retro/Grade,6,1
"Journey of a Roach",6,4
"Paranautical Activity Deluxe Atonement Edition",6,1
"Mortal Kombat Legacy II - Ep. 1 Reunited in Macau",6,0
"UFO Extraterrestrials Gold",6,62
"Wildlife Park 3",6,4
"Rivals of Aether",5,6
"Epic Battle Fantasy 4",5,30
Kairo,5,1
SNOW,5,4
Ziggurat,5,2
"Crimzon Clover  WORLD IGNITION",5,2
Rodina,5,1
"Aveyond 3-1 Lord of Twilight",5,1
Cloudbuilt,5,0
"Gigantic Army",5,1
"Gods Will Be Watching",5,1
"Neverending Nightmares",5,2
"Unholy Heights",5,1
"Bookworm Adventures Deluxe",5,19
"Sherlock Holmes Nemesis",5,11
"9 Clues The Secret of Serpent Creek",5,3
"Shoppe Keep",5,4
"YOU DON'T KNOW JACK Vol. 1 XL",5,1
Scoregasm,5,0
"Still Life",5,0
"Wasteland Angel",5,0
"YOU DON'T KNOW JACK Vol. 2",5,0
"Labyronia RPG",5,5
"Electric Highways",5,0
"Full Spectrum Warrior",5,7
Aberoth,5,0
"Zack Zero",5,7
"Max Gentlemen",5,0
"Carpe Diem",5,0
"Space Rangers HD A War Apart",5,13
"Stellar 2D",5,3
"Combat Wings Battle of Britain",5,0
"Demolition, Inc.",5,3
"Dracula's Legacy",5,3
"The Political Machine",5,22
"NASCAR '14",5,4
"Resident Evil Operation Raccoon City",5,2
"TrackMania Canyon",5,1
"Dungeon Hearts",5,1
"Evochron Mercenary",5,3
"The Gate",5,7
"Toybox Turbos",5,2
Landmark,5,39
"Dragon's Lair",5,1
"Ultimate General Gettysburg",5,9
Kenshi,5,67
"Marlow Briggs",5,1
"Fearless Fantasy",5,9
"Titan Souls",5,2
"Avadon 2 The Corruption",5,3
"Mini Motor Racing EVO",5,2
"Mutant Mudds Deluxe",5,85
"No Time to Explain",5,1
"SanctuaryRPG Black Edition",5,1
"Skara - The Blade Remains",5,2
"Ys I",5,3
"N.P.P.D. RUSH - The milk of Ultra violet",5,3
Burstfire,5,2
"Pro Cycling Manager 2015",5,28
Nail'd,5,1
"WWE 2K15",5,29
"The Room",5,4
"Divinity II - The Dragon Knight Saga",5,21
"Age of Wonders",5,16
"Age of Wonders 2",5,32
"Earth Defense Force Insect Armageddon",5,32
"Zombie Army Trilogy",5,4
"Commander Conquest of the Americas",5,2
"Europa Universalis Rome - Gold Edition",5,2
"Democracy 2",5,26
"Tom Clancy's Ghost Recon Advanced Warfighter",5,19
Gomo,5,1
"RIP 3 The Last Hero",5,0
"Tiny Bridge Ratventure",5,5
"Seduce Me the Otome",5,4
"Icewind Dale Enhanced Edition",5,27
"Agarest Zero",5,11
"World War II Panzer Claws",5,0
Walkover,5,0
"Ether One",5,9
"Dysfunctional Systems Learning to Manage Chaos",5,3
"Cherry Tree High Comedy Club",5,3
"Victor Vran",5,52
DARK,5,7
Miscreated,5,7
"Plug & Play",5,0
"Super Amazing Wagon Adventure",5,4
Sheltered,5,13
"Escape Machines",5,3
"Satellite Reign",5,6
"Axiom Verge",5,8
Apotheon,5,3
"Not The Robots",5,2
"Aces Wild Manic Brawling Action!",5,0
"GTR 2 - FIA GT Racing Game",5,1
"Act of Aggression",5,4
"Dragon Age II",5,75
"Brothers in Arms Hell's Highway",5,6
"Make it indie!",5,3
"Saints Row The Third - Initiation Station",5,0
"Starlaxis Supernova Edition",5,7
"Theatre of War",5,6
"The Adventures of Mr. Bobley",5,2
Guns'N'Zombies,5,1
"Lineage II",5,0
"Fairy Fencer F",5,26
"MLB Front Office Manager",5,32
"FIST OF AWESOME",5,1
"Sword Coast Legends",5,21
"American Conquest - Fight Back",5,0
Platypus,5,3
Demonicon,5,2
"Hearts of Iron II Complete",5,61
"Day One Garry's Incident",5,2
"The Amazing Spider-Man 2",5,17
"Flight Control HD",5,2
Puddle,5,1
"Conflict Denied Ops",5,6
"Flora's Fruit Farm",5,0
"Rogue Trooper",5,5
"Season of Mystery  The Cherry Blossom Murders",5,4
"Shellshock 2 Blood Trails",5,5
"Magical Diary",5,9
"Burn Zombie Burn",5,2
"Pacific Storm",5,2
"Tea Party Simulator 2015",5,8
"Blitzkrieg Anthology",5,3
"TrackMania Valley",5,30
Empires,5,156
"Cubemen 2",5,8
QuantZ,5,1
"Tank Universal",5,0
"Enemy Front",5,11
"Sherlock Holmes versus Jack the Ripper",5,13
"Black Mirror",5,1
"FortressCraft Evolved",5,2
"Foul Play",5,1
Shadowgate,5,25
"Foreign Legion Buckets of Blood",5,2
"Software Inc.",5,14
"Dream Pinball 3D",5,0
"The Detail",5,6
"Survivor Squad",5,2
"Original War",5,0
"Carmageddon Reincarnation",5,6
"Year Walk",5,2
"OMSI 2",5,108
"Avernum 4",5,228
"Avernum 5",5,222
"Avernum 6",5,80
"Rhythm Destruction",5,1
"Deadfall Adventures",5,3
"Space Hulk Ascension",5,10
"SC2VN - The eSports Visual Novel",5,2
"Lara Croft and the Temple of Osiris",5,5
"Brothers in Arms Road to Hill 30",5,8
"Shadow Harvest Phantom Ops",5,12
"Clive Barker's Jericho",5,8
"Duke Nukem Forever ",5,4
"Guilty Gear X2 #Reload",4,1
"RUNNING WITH RIFLES",4,10
"Creeper World 3 Arc Eternal",4,6
Delver,4,1
Astebreed,4,0
"Coin Crypt",4,3
"BlazBlue Calamity Trigger",4,3
"BlazBlue Continuum Shift Extend",4,78
"Shantae Risky's Revenge - Director's Cut",4,0
"Super Puzzle Platformer Deluxe",4,6
"Critical Mass",4,0
"Indigo Prophecy",4,11
"4 Elements",4,15
"Nightmares from the Deep 2 The Siren`s Call",4,5
"Nightmares from the Deep The Cursed Heart",4,5
Spectraball,4,8
"Port of Call",4,1
"Genesis Rising",4,2
"Numen Contest of Heroes",4,1
Primordia,4,4
"The Dead Linger",4,5
Wolfenstein,4,26
"The Sims(TM) Medieval",4,15
"Lego Star Wars 3 The Clone Wars",4,7
"SONIC THE HEDGEHOG 4 Episode I",4,1
"Sonic and SEGA All Stars Racing",4,0
"Subspace Continuum",4,0
"StarDrive 2",4,33
"Rig 'n' Roll",4,1
"Zombie Zoeds",4,2
"Super House of Dead Ninjas",4,1
Lightfish,4,1
"Rogue Warrior",4,2
"War of the Vikings",4,6
"Sphere III Enchanted World",4,2
Redshirt,4,5
"Zuma Deluxe",4,1
"Legends of Aethereus",4,9
"Strike Suit Zero Director's Cut",4,1
"Universal Combat CE",4,0
"Fallen Enchantress",4,38
"Tom Clancy's EndWar",4,2
"Hunting Unlimited 2010",4,3
"Guild of Dungeoneering",4,15
"Holy Potatoes! A Weapon Shop?!",4,7
"Gunman Clive",4,1
"Artemis Spaceship Bridge Simulator",4,3
"RPG Maker 2003",4,52
Moonrise,4,1
"Tiny Brains",4,4
"Intergalactic Bubbles",4,2
"Alpha Kimori Episode One ",4,2
"Destiny Warriors",4,3
"FATE Undiscovered Realms",4,1
"Kung Fury Street Rage",4,1
Velocibox,4,1
Waves,4,0
"Ys The Oath in Felghana",4,7
"Zombie Driver HD",4,1
"Call of Duty Black Ops - OSX",4,11
"Call of Duty Black Ops - Multiplayer OSX",4,31
Etherium,4,0
"Might & Magic Heroes VII ",4,92
Overture,4,8
"Melissa K. and the Heart of Gold Collector's Edition",4,5
"The Treasures of Montezuma 4",4,139
"Tales of Maj'Eyal",4,19
"Take On Mars",4,7
Downwell,4,2
"Invisible Apartment",4,0
"Pirates of Black Cove",4,16
"WORLD END ECONOMiCA episode.01",4,0
"The Cursed Crusade",4,1
"iBomber Defense",4,6
"Zafehouse Diaries",4,4
"Shattered Planet",4,1
"Heli Heroes",4,1
"Hate Plus",4,15
Influent,4,7
"Cherry Tree High I! My! Girls!",4,5
Fingered,4,3
Love,4,8
"Electronic Super Joy Groove City",4,0
"Cabela's Big Game Hunter Pro Hunts",4,7
"Solar Flux",4,1
"Ohm Studio",4,0
"Ether Vapor Remaster",4,5
"Doorways Prelude",4,3
"Farming Simulator 2013 - Modding Tutorials",4,7
"Cosmic Osmo",4,0
Kingdom,4,4
"MASSIVE CHALICE",4,9
"The Last Federation",4,2
"Super Time Force Ultra",4,1
"Droid Assault",4,1
ROCKETSROCKETSROCKETS,4,1
"The Amazing Spider-Man",4,8
"Ironclad Tactics",4,4
"Coffin Dodgers",4,2
"Heavy Fire Afghanistan",4,2
"Zero Gear",4,2
"The Inner World",4,1
"Folk Tale",4,6
"Layers of Fear",4,3
Dream,4,2
"Starion Tactics",4,5
"Fahrenheit Indigo Prophecy Remastered",4,5
"THE KING OF FIGHTERS 2002 UNLIMITED MATCH",4,8
Power-Up,4,1
"Majesty Gold Edition",4,16
"Rune Classic",4,6
Driftmoon,4,0
"X-Plane 10 Global - 64 Bit",4,268
"Lamia Must Die",4,0
"Forsaken Uprising",4,3
"Theatre of War 2 Africa 1943",4,1
Basement,4,23
"Battle for Graxia",4,1
"Lakeview Cabin Collection",4,6
"White Noise Online",4,5
"Star Wolves",4,4
CubeGun,4,3
"Written in the Sky",4,1
"theHunter Primal",4,21
"Faces of War",4,0
"Gray Matter",4,13
"Imperial Glory",4,170
"Iron Warriors T-72 Tank Command",4,1
"Real Boxing",4,2
"Tom Clancy's H.A.W.X.",4,7
"State of Decay Year-One",4,9
"F1 Race Stars",4,5
"Bob Came in Pieces",4,1
"The Yawhg",4,0
"BIT.TRIP VOID",4,0
Timberman,4,5
"Space Quest Collection",4,8
Rexaura,4,0
"Doc Clock The Toasted Sandwich of Time",4,1
"The 7th Guest",4,0
"Warhammer 40,000 Kill Team",4,2
"Supreme Ruler Cold War",4,150
"Defend Your Life",4,2
"Naval War Arctic Circle",4,27
"Postal 3",4,2
"Phoenix Force",4,2
"Dig or Die",4,7
"NEED FOR MADNESS ?",4,2
"BRAINPIPE A Plunge to Unhumanity",4,2
"The Moon Sliver",4,1
Metrocide,4,1
"Greed Black Border",4,0
"Post Mortem",4,2
"Bridge It (plus)",4,1
"The Next BIG Thing",4,1
"The Kings' Crusade",4,4
"Street Fighter X Tekken",4,4
"Castlevania Lords of Shadow  Mirror of Fate HD",4,1
"BloodRayne Betrayal",4,2
"Another Perspective",4,0
"Fortix 2",4,11
"Blackwell Convergence",4,0
"Crazy Machines",4,1
"Real World Racing",4,2
"Spoiler Alert",4,1
"WRC Powerslide",4,5
"Wizardry 8",4,1
"Sakura Angels",4,1
"Lilly Looking Through",4,8
"Aperture Tag The Paint Gun Testing Initiative",4,2
AR-K,4,0
"Jagged Alliance 2 Gold Pack",4,2
NyxQuest,4,6
"Major Mayhem",4,4
"Face Noir",4,3
"Shadowgate MacVenture Series",4,1
"Lovely Planet",4,1
Stormrise,4,0
"CivCity Rome",4,3
"Shattered Union",4,116
"Quest of Dungeons",4,3
"Doorways The Underworld",4,4
"Final Dusk",4,2
Bermuda,4,2
Yury,4,1
Retention,4,2
"Into The War",4,1
"Carmageddon 2 Carpocalypse Now",4,6
"War of Beach",4,0
"It came from space, and ate our brains",4,4
Eidolon,4,0
"Pink Hour",4,0
Claire,4,1
Crimsonland,4,9
"Mighty Gunvolt",4,1
"Zuma's Revenge",4,46
"GUILTY GEAR Xrd -SIGN-",4,6
"Crusader Kings Complete",4,3
"Chroma Squad",4,7
"FINAL FANTASY IV",4,1
"Silent Storm Sentinels",4,8
"Arma Combat Operations",4,33
"Firefly Online Cortex",4,0
"Shantae and the Pirate's Curse",4,5
David.,4,0
"BIT.TRIP CORE",4,0
"BIT.TRIP FATE",4,0
"Elven Legacy",4,9
"ONE PIECE PIRATE WARRIORS 3",4,2
Drakensang,4,69
"Game Tycoon 1.5",4,4
"Huntsman - The Orphanage Halloween Edition",4,0
"Impossible Creatures",4,1
Monopoly,4,5
"One Way To Die Steam Edition",4,0
"AION Free-to-Play",4,7
"MLB 2K12",4,65
"Air Conflicts - Secret Wars",4,2
"Nexus The Jupiter Incident",4,2
"Dracula Origin",4,2
"Beasts of Prey",4,17
"Red Stone Online",4,0
"Death Rally",4,6
"NecroVisioN Lost Company",4,1
"Tom Clancy's Ghost Recon",4,0
"Runestone Keeper",4,38
"TransOcean The Shipping Company",4,7
"Lucius II",4,5
"Blazing Angels 2 Secret Missions of WWII",4,6
Breach,4,4
"Freaking Meatbags",4,331
Perpetuum,4,401
"NOT A HERO",3,9
NaissanceE,3,3
"Cat Goes Fishing",3,1
"Mind Path to Thalamus Enhanced Edition",3,5
FarSky,3,18
"Oozi Earth Adventure",3,3
"Fester Mudd Curse of the Gold - Episode 1",3,1
Lucid,3,1
"MacGuffin's Curse",3,8
"Aura Fate of the Ages",3,4
"Cargo! - The quest for gravity",3,7
"Clockwork Tales Of Glass and Ink",3,4
"Shadow Puppeteer",3,0
"The Path - Prologue",3,0
"Back to Bed",3,2
"Beware Planet Earth",3,2
Darkout,3,1
"Depth Hunter 2 Deep Dive",3,10
Maia,3,12
Achron,3,1
"King's Quest",3,11
"Franchise Hockey Manager 2014",3,25
"Robin Hood",3,39
"Nobunaga's Ambition Souzou with Power Up Kit",3,148
"Eden Star  Destroy - Build - Protect",3,6
"Lords of the Black Sun",3,2
"The Deer",3,2
"Nancy Drew Ransom of the Seven Ships ",3,5
"16bit Trader",3,4
"Marble Mayhem Fragile Ball",3,4
"Sometimes Success Requires Sacrifice",3,13
"Booster Trooper",3,1
"MoW Face Off M",3,3
TUG,3,1
"A-Train 8",3,0
"Ancient Space",3,27
"Merchants of Kaidan",3,8
"Space Empires V",3,2
"Mishap An Accidental Haunting",3,8
"Bejeweled 2 Deluxe",3,1
"Angels Fall First",3,5
"Way of the Samurai 4",3,3
"IL-2 Sturmovik Battle of Stalingrad",3,16
"Great Permutator",3,2
"RPG Tycoon",3,2
"Rogue Shooter The FPS Roguelike",3,9
MURI,3,0
"Fist Puncher",3,0
"Bionic Commando",3,1
Boid,3,9
"Dark Void",3,0
"Drunken Robot Pornography",3,2
"Paper Sorcerer",3,2
"Tiny Troopers",3,3
"RIDE Game",3,22
"Absolute Drift",3,2
"Heroes of Hellas 3 Athens",3,22
"Enigmatis 2 The Mists of Ravenwood",3,6
"Nightmares from the Deep 3 Davy Jones",3,6
"Drakensang The River of Time",3,2
"Under the Ocean",3,1
"Restaurant Empire II",3,24
"M.U.D. TV",3,10
Cosmonautica,3,12
"Nimble Quest",3,2
"A Walk in the Dark",3,1
"Secrets of Grindea",3,8
"Warhammer Online Age of Reckoning",3,3
Republique,3,4
Sokobond,3,1
Coil,3,0
"Metaverse Construction Kit",3,0
Descent,3,7
"METAL SLUG X",3,7
"Alien Shooter Vengeance",3,4
"Myst V",3,0
"Blood One Unit Whole Blood",3,1
"Clergy Splode",3,0
Cradle,3,12
"Big Pharma",3,9
"Cannon Brawl",3,2
"Sol Survivor",3,5
"Out There  Edition",3,4
STARWHAL,3,3
"Flight of the Icarus",3,1
"Assassin's Creed Syndicate",3,32
"Aeon Command",3,0
"London 2012 The Official Video Game of the Olympic Games",3,19
"The Chaos Engine",3,1
"Grand Ages Medieval",3,40
"NOBUNAGA'S AMBITION Sphere of Influence",3,56
"FX Football - The Manager for Every Football Fan",3,3
"Cities XL - Limited Edition",3,1
"Armada 2526",3,1
"Gravity Badgers",3,15
"Desktop Dungeons",3,29
"Emergency 2014",3,4
Unmechanical,3,2
"Woody Two-Legs Attack of the Zombie Pirates",3,1
"Blob From Space",3,3
"Terrain Test",3,0
"Firefighters 2014",3,6
"Devils Share",3,1
"Real Warfare",3,0
"Blood Knights",3,3
Daylight,3,2
"Total Annihilation",3,0
"Painkiller Gold Edition",3,14
"MXGP - The Official Motocross Videogame",3,9
"Super Panda Adventures",3,19
"If My Heart Had Wings",3,13
"ShootMania Storm",3,21
"Pro Evolution Soccer 2016",3,55
"Call to Arms",3,25
"Containment The Zombie Puzzler",3,2
"GoD Factory Wingmen",3,7
"Monster Bash",3,0
"Light of Altair",3,1
"Kinetic Void",3,2
inMomentum,3,0
Yosumin!,3,0
"Ubersoldier II",3,1
"Pro Cycling Manager 2013",3,108
"The Marvellous Miss Take",3,1
"AZMD! Scorepocalypse ",3,1
"LEGO Pirates of the Caribbean The Video Game",3,4
"Theatre of War 2 Kursk 1943 ",3,0
Silverfall,3,2
"Pacific Storm Allies",3,0
"Xpand Rally Xtreme",3,4
"Agricultural Simulator 2011 Extended Edition",3,0
"Shelter 2",3,3
"GridRunner Revolution",3,0
"Montague's Mount",3,0
"The Samaritan Paradox",3,4
"The UnderGarden",3,0
OTTTD,3,2
"Oscura Lost Light",3,1
"Bridge Constructor Medieval",3,2
"Lost Horizon",3,19
"Reveal The Deep",3,0
"Hamilton's Great Adventure",3,2
"Black Sails",3,2
"Guardians of Graxia",3,1
"Skyward Collapse",3,17
Ascendant,3,5
"Reaper - Tale of a Pale Swordsman",3,3
0RBITALIS,3,0
"Over 9000 Zombies!",3,2
"Bad Hotel",3,10
"99 Spirits",3,4
"War of the Human Tanks",3,2
"Max The Curse of Brotherhood",3,1
Mainland,3,6
"Probably Archery",3,0
"The Collider",3,0
"Dragon Quest Heroes",3,7
"The Secret of Tremendous Corporation",3,1
"Making History The Calm & The Storm",3,79
Hylics,3,3
"Gurumin A Monstrous Adventure",3,1
"The Albino Hunter",3,8
"Paranormal State Poison Spring Collector's Edition",3,3
"Crazy Plant Shop",3,2
"Cards and Castles",3,1
R.O.O.T.S,3,0
"Carmageddon Max Pack",3,3
"Third Eye Crime",3,1
"Shadow Man",3,0
"Monster Loves You!",3,4
"BloodRayne 2",3,3
FOTONICA,3,3
"Mr. Robot",3,0
"Pineview Drive",3,2
"Dementium II HD",3,1
"Euro Fishing",3,1
"Harvest Massive Encounter",3,9
"Swarm Arena",3,0
"War, the Game",3,7
"Ashes of the Singularity",3,1
"The Settlers 7 Paths to a Kingdom",3,23
"Blazing Angels Squadrons of WWII",3,8
"Legends of Pegasus",3,8
"Silent Hunter 5 Battle of the Atlantic",3,25
"Letter Quest Grimm's Journey",3,10
"Letter Quest Grimm's Journey Remastered",3,9
ComaMortuary,3,1
"Mad Games Tycoon",3,19
"Cognition An Erica Reed Thriller",3,4
"The Book of Unwritten Tales 2",3,14
"Pat & Mat",3,11
"Etherlords II",3,1
"Action! - Gameplay Recording and Streaming",3,90
"Black Ink",3,80
"Joe Danger",3,2
"Astro Lords",3,0
"Road Not Taken",3,3
"Airport Simulator 2014",3,9
"Akane the Kunoichi",3,2
"Dark Fall 1 The Journal",3,1
"Freedom Fall",3,30
"Rescue Everyday Heroes",3,4
"Shadows of War",3,2
"Hard Truck Apocalypse Rise Of Clans / Ex Machina Meridian 113",3,3
"Project Explore",3,3
"SuperPower 2 Steam Edition",3,2
"Battle of Empires  1914-1918",3,24
"Company of Heroes Europe at War",3,13
"Silent Hunter Wolves of the Pacific",3,172
"Cricket Revolution",3,19
"Guild Wars Game of the Year",3,16
"Dungeonbowl Knockout Edition",3,0
"RWBY Grimm Eclipse",3,2
"Port Royale 2",3,44
"Blitzkrieg 2 Anthology",3,7
"Demise of Nations Rome",3,2
"Escape Goat",3,11
"Super Motherload",3,2
"Wizardry 7 Crusaders of the Dark Savant",3,23
"Delve Deeper",3,2
"Devil May Cry 4 Special Edition",3,7
"Enforcer Police Crime Action",3,7
"Pro Evolution Soccer 2014",3,60
"Paint the Town Red",3,2
"Deadlings - Rotten Edition",3,3
"Decay - The Mare",3,5
"The Witcher Adventure Game",3,16
GUN,3,0
"NBA 2K12",3,91
Auditorium,3,0
"Razor2 Hidden Skies",3,0
"STAR WARS X-Wing Alliance",3,1
KHOLAT,2,1
"Air Brawl",2,2
"The Floor is Jelly",2,1
"FRACT OSC",2,1
"TRI Of Friendship and Madness",2,0
"Return to Mysterious Island 2",2,6
RoboBlitz,2,0
"Puzzler World 2",2,19
"The Movies",2,15
"Abyss The Wraiths of Eden",2,7
"Potatoman Seeks the Troof",2,1
"Panzer Corps",2,3
"Desperados - Wanted Dead or Alive",2,6
"Dynasty Warriors 8 - Empires",2,12
Squad,2,12
"Autobahn Police Simulator",2,1
"Bus-Simulator 2012",2,3
"Rabbit Hole 3D Steam Edition",2,3
"Nancy Drew Shadow at the Water's Edge",2,12
"Nancy Drew Tomb of the Lost Queen",2,7
"Nancy Drew Warnings at Waverly Academy",2,6
"Nancy Drew Danger on Deception Island ",2,5
"Nancy Drew Last Train to Blue Moon Canyon",2,4
Pongo,2,15
"World Basketball Manager 2010",2,0
"Warhammer 40,000 Regicide",2,2
"Warhammer Quest",2,2
"Dominions 4",2,5
Retrovirus,2,3
"The Repopulation",2,33
"Star Crusade CCG",2,1
"Teddy Floppy Ear - The Race",2,3
"Curse The Eye of Isis",2,0
"Elite Dangerous Horizons",2,3
"Call of Tomsk-7",2,2
"Mystery PI The Vegas Heist",2,9
"Mystery P.I. The Lottery Ticket",2,9
"Judge Dredd Dredd vs Death",2,1
"Noir Syndrome",2,1
"Adventurer Manager",2,21
"Dark Void Zero",2,0
"Eschalon Book 2",2,128
Halfway,2,3
"Ys VI The Ark of Napishtim",2,5
"King's Bounty Dark Side",2,183
Spermination,2,1
Ikaruga,2,2
"Kingdom Tales 2",2,5
"Time Mysteries 2 The Ancient Spectres",2,5
"Time Mysteries 3 The Final Enigma",2,2
"Left in the Dark No One on Board",2,3
"The Clockwork Man",2,4
"Dark Arcana The Carnival",2,2
"Black Viper Sophia's Fate",2,0
"The Clockwork Man The Hidden World",2,5
"Randal's Monday",2,2
"Clickteam Fusion 2.5",2,0
"Unity of Command",2,0
"Condemned Criminal Origins",2,0
"Hegemony Gold Wars of Ancient Greece",2,3
"Codename Panzers - Cold War",2,3
"City of Heroes",2,8
"Controller Companion",2,1
"Hamlet or the last game without MMORPG features, shaders and product placement",2,5
"Gold Rush! Classic",2,2
"Watchmen The End Is Nigh Part 2",2,3
"Renowned Explorers International Society",2,26
"Alone in the Dark",2,0
"Speed Kills",2,5
"War in a Box Paper Tanks",2,6
"Rhythm Zone",2,0
MotoGP14,2,49
"World of Zoo",2,1
"Blood of the Werewolf",2,1
Obscure,2,8
Stonerid,2,2
"18 Wheels of Steel American Long Haul",2,6
"Aggression Europe Under Fire",2,1
"Beast Boxing Turbo",2,1
"Dinosaur Hunt Africa Contract",2,1
"Sorcerer King",2,23
"Toy Soldiers War Chest",2,2
"Salvation Prophecy",2,7
VoidExpanse,2,2
"Unstoppable Gorg",2,1
GALAK-Z,2,13
"Reprisal Universe",2,6
Kidnapped,2,2
"Star Ruler 2",2,53
"Gemini Wars",2,2
"Distant Star Revenant Fleet",2,1
"Pride of Nations",2,5
"Pre-Civilization Marble Age",2,5
"The Escapists The Walking Dead",2,4
"THE KING OF FIGHTERS '98 ULTIMATE MATCH FINAL EDITION",2,1
AXYOS,2,4
Castle,2,1
Clickr,2,3
"Dungeons The Eye of Draconus",2,1
"Victory The Age of Racing",2,1
"Super Hipster Lumberjack",2,0
"Doctor Who The Eternity Clock",2,3
"Kingdom Wars 2 Battles",2,2
"Descent Underground",2,1
"Geometry Wars 3 Dimensions Evolved",2,5
"Enemy Territory Quake Wars",2,7
"Rugby League Team Manager 2015",2,10
"Weapons Genius",2,1
"Special Forces Team X",2,1
"Emergency 2013",2,10
"Virtua Tennis 4",2,3
"Pandora First Contact",2,12
"Automation - The Car Company Tycoon Game",2,6
"The Fifth Day",2,6
WARP,2,1
"Assault Android Cactus",2,1
Scarygirl,2,173
"Sugar Cube Bittersweet Factory",2,3
"Foosball - Street Edition",2,2
"International Snooker",2,0
"Quantum of Solace",2,12
"Dark Fall Lost Souls",2,3
"Vlad the Impaler",2,5
"Take Command Second Manassas",2,0
"From The Depths",2,37
TIS-100,2,6
"Dangerous High School Girls in Trouble!",2,1
"Immortal Empire",2,0
Kyn,2,3
"MoW Face Off XL",2,1
"East India Company",2,50
"The Age of Decadence",2,47
9.03m,2,0
"Cricket Captain 2014",2,14
"To End All Wars",2,10
"Lost Planet Extreme Condition - Colonies Edition",2,2
VelocityUltra,2,1
"Ghost in the Shell Stand Alone Complex First Assault Online",2,4
"Turok Dinosaur Hunter",2,0
"Descent 2",2,0
"Street Fighter V Beta",2,2
"Eryi's Action",2,3
"The Mean Greens - Plastic Warfare",2,2
Gunship!,2,1
"BookWorm Adventures Volume 2",2,60
Chrome,2,0
"Chrome Specforce",2,0
"Stellar Impact",2,6
"Sniper Elite Zombie Army",2,1
"Secret Files Puritas Cordis",2,24
"Secret Files Sam Peters",2,5
"Tiamat X",2,0
"Ninja Reflex Steamworks Edition",2,1
"Runespell Overture",2,1
"Your Doodles Are Bugged!",2,0
"Pro Cycling Manager 2014",2,178
"Farm for your Life",2,9
"Nancy Drew The Deadly Device",2,8
"Nancy Drew Ghost of Thornton Hall",2,6
"Dungeon Souls",2,46
Shad'O,2,1
"Of Guards And Thieves",2,2
Particulars,2,0
"Mordheim City of the Damned",2,17
"Kingdoms Rise",2,1
"1000 Amps",2,0
"Arms Dealer",2,2
"City Life 2008",2,3
"Rising World",2,6
Slip,2,0
Oniken,2,12
ArchonClassic,2,1
"planetarian ~the reverie of a little planet~",2,0
"Cities XL",2,3
"YOU DON'T KNOW JACK",2,2
"Schrdinger's Cat and the Raiders of the Lost Quark",2,0
"WRC 5",2,3
"Tap Heroes",2,11
Antisquad,2,16
"Beyond Space",2,13
"Angels of Fasaria Version 2.0",2,10
"Chronicles of a Dark Lord Episode 1 Tides of Fate Complete",2,5
"The Undying Plague",2,4
"Teddy Floppy Ear - Mountain Adventure",2,4
"Enigmatis The Ghosts of Maple Creek",2,5
"The Defenders The Second Wave",2,3
"Journey Of The Light",2,5
"Frederic Evil Strikes Back",2,3
"The Nightmare Cooperative",2,3
Z,2,3
"Vintage Year",2,3
"Fat Chicken",2,2
"Pixel Puzzles UndeadZ",2,2
"Rogue's Tale",2,0
"Secret Ponchos",2,1
"The Golf Club",2,10
"Bob Was Hungry",2,7
Glowfish,2,2
"Dollar Dash",2,1
"Lumino City",2,7
"Stardust Vanguards",2,20
"Stubbs the Zombie in Rebel Without a Pulse",2,3
Arcadia,2,1
BloodRayne,2,7
Crowntakers,2,0
GundeadliGne,2,0
"Gundemonium Recollection",2,0
"Hitogata Happa",2,0
iO,2,1
"Just Get Through",2,2
"Khet 2.0",2,2
"Residue Final Cut",2,3
"RPG Maker 2000",2,10
"Shan Gui",2,0
"Shiny The Firefly",2,3
Shipwreck,2,4
"Song of the Myrne What Lies Beneath",2,2
"Cosmic DJ",2,2
Iesabel,2,14
Violett,2,0
"Void Destroyer",2,2
"Slam Bolt Scrappers",2,1
O.R.B.,2,1
"The Swindle",2,23
"The Masterplan",2,17
"Party Hard",2,16
"Blood Bowl Dark Elves Edition",2,14
"Age of Conan Rise of the Godslayer",2,5
"The Incredible Adventures of Van Helsing III",2,5
"Wolfenstein The Old Blood German Edition",2,7
Vagante,2,5
Volt,2,1
"Legends of Eisenwald",2,25
Gaokao.Love.100Days,2,8
eden*,2,3
"AKIBA'S TRIP Undead & Undressed",2,12
"Corporate Lifestyle Simulator",2,1
"Big Brain Wolf",2,1
"Mensa Academy",2,1
Damnation,2,0
"System Protocol One",2,9
"Twin Sector",2,1
"Chainsaw Warrior",2,4
"Chainsaw Warrior Lords of the Night",2,4
"GemCraft - Chasing Shadows",2,13
"Wings! Remastered Edition",2,2
Hexcells,2,1
"Zuma's Revenge! - Adventure",2,1
"Blacklight Tango Down",2,1
"Fancy Skulls",2,3
"Babel Rising",2,0
"Flower Shop Winter In Fairbrook",2,4
"Microsoft Flight",2,1
"Putt-Putt Travels Through Time",2,1
"Beyond Eyes",2,2
"Freddi Fish and Luther's Maze Madness",2,0
"Putt-Putt and Pep's Balloon-o-Rama",2,1
"Nancy Drew The White Wolf of Icicle Creek",2,13
"Nancy Drew Curse of Blackmoor Manor ",2,7
"Nancy Drew Secrets can Kill",2,4
"Nancy Drew Secret of the Scarlet Hand ",2,4
"Crouching Pony Hidden Dragon",2,0
"A Golden Wake",2,1
BlazeRush,2,0
"Detective Grimoire",2,2
"Dreaming Sarah",2,1
"Into the Dark",2,6
"Magnetic By Nature",2,1
"Metal Planet",2,13
"Saturday Morning RPG",2,3
"The Sun at Night",2,2
"Hollywood Visionary",2,4
"Victory At Sea",2,0
Split/Second,2,4
oO,2,0
"RollerCoaster Tycoon",2,1
"Nancy Drew Danger By Design",2,7
"The Silent Age",2,2
"Ski Region Simulator",2,6
"Mega Man Legacy Collection",2,6
"Revelations 2012",2,2
"TRANSFORMERS Rise of the Dark Spark",2,3
"Jets'n'Guns Gold",2,2
"Outcast 1.1",2,25
"realMyst Masterpiece Edition",2,10
"Organic Panic",2,0
"Battle vs Chess",2,5
"Please, Dont Touch Anything",2,1
"UFO Aftermath",2,7
"Joe Dever's Lone Wolf HD Remastered",2,14
"Keen Dreams",2,12
"Strategic War in Europe",2,3
"Farming World",2,2
Circuits,2,2
"Post Master ",2,1
"Strife Veteran Edition",2,1
Omegalodon,2,9
Qvadriga,2,22
Rotieer,2,7
"The Club",2,1
"Dead State",2,24
"Pro Cycling Manager Season 2009",2,1
"Realms of Arkania 3 - Shadows over Riva Classic",2,1
Clutch,2,1
Infinifactory,2,21
"Children of the Nile Alexandria",2,3
"Children of the Nile",2,1
"Delta Force Black Hawk Down - Team Sabre",2,69
"Delta Force Black Hawk Down",2,1
"Divinity II - Ego Draconis",2,15
Dex,2,11
"Westerado Double Barreled",2,2
"Heavy Bullets",2,3
Glare,2,95
Millie,2,15
"Silent Hunter Wolves of the Pacific U-Boat Missions",2,185
"Assassin's Creed Rogue",2,62
Habitat,2,0
"Empire TV Tycoon",2,7
Showtime!,2,3
"Spooky Cats",2,2
"Parkan 2",2,2
"Aqua Kitty - Milk Mine Defender",2,0
"NBA 2K11",2,0
"Shadow of Kingdoms",2,1
"Anna's Quest",2,9
"Amnesia Memories",2,5
"Fading Hearts",2,3
"Sherlock Holmes and The Hound of The Baskervilles",2,3
"Tree of Life",2,17
"Guardians of Orion",2,0
"Jagged Alliance Flashback",2,4
"Maszyny Rolnicze 2015",2,0
Armello,2,7
"MLB 2K10",2,228
"MLB 2K11",2,107
"Space Ace",2,1
Collapse,2,2
Deathtrap,2,2
"STAR WARS X-Wing vs. TIE Fighter",2,8
"Afterfall InSanity - Dirty Arena Edition",2,0
"Supreme Ruler 2020 Gold",2,20
Rake,2,1
"Battle Group 2",2,3
"Wildlife Park 2",2,15
"Wildlife Park 2 - Marine World",2,0
"Wildlife Park 2 - Dino World",2,2
"Nancy Drew Lights, Camera, Curses!",2,3
"Midnight Mysteries Salem Witch Trials",2,2
"Midnight Mysteries 4 Haunted Houdini",2,3
"Midnight Mysteries 3 Devil on the Mississippi",2,2
Convoy,2,5
Maelstrom,2,1
"Space Siege",2,0
"Nancy Drew Ghost Dogs of Moon Lake ",2,5
"Haunt the House Terrortown",2,1
"Out of the Park Baseball 16",2,330
"GUILTY GEAR XX ACCENT CORE PLUS R",1,1
"Rebuild 3 Gangs of Deadsville",1,8
"Gravity Ghost",1,1
INK,1,0
"Afterlife Empire",1,0
"Cloud Chamber",1,22
"Mission Control NanoMech",1,4
"Hidden Object Bundle 4 in 1",1,27
"CID The Dummy",1,4
Pyroblazer,1,0
Chessmaster,1,2
"Little Big Adventure 2",1,0
"Urizen Shadows of the Cold",1,0
"Project AURA",1,4
"EverQuest Secrets of Faydwer",1,0
"EverQuest Seeds of Destruction",1,0
"Death Skid Marks",1,0
"Oceanhorn Monster of Uncharted Seas",1,0
"Super Chibi Knight",1,3
"Asteroids Outpost",1,0
"Onimusha 3 Demon Siege",1,1
"Adventures of Bertram Fiddle Episode 1 A Dreadly Business",1,2
rFactor,1,2
"9 Clues 2 The Ward",1,5
"Civil War II",1,0
"Amazing Adventures Around the World",1,12
"Chuzzle Deluxe",1,6
"The Wizard's Pen",1,4
"Amazing Adventures The Lost Tomb",1,3
"Big Money! Deluxe",1,3
"Talismania Deluxe",1,2
"Dynomite! Deluxe",1,2
"Bejeweled Deluxe",1,1
"Angry Birds Space",1,3
"Cloudberry Kingdom",1,7
"Boo Bunny Plague",1,2
"Ultionus A Tale of Petty Revenge",1,1
"Heroes of a Broken Land",1,1
"Echo of the Wilds",1,0
"Pound of Ground",1,1
Xeodrifter,1,3
"The Musketeers Victoria's Quest",1,36
"Ballad of Solar",1,10
"Portal of Evil Stolen Runes Collector's Edition",1,5
"Fall of the New Age Premium Edition",1,5
"Grim Legends 2 Song of the Dark Swan",1,4
"The Beast of Lycan Isle - Collector's Edition",1,4
"Mountain Crime Requital",1,4
"Weather Lord The Successor's Path",1,4
"Demon Hunter Chronicles from Beyond",1,4
"Ghost Encounters Deadwood - Collector's Edition",1,3
"Alex Hunter - Lord of the Mind",1,3
"Fairy Tale Mysteries The Puppet Thief Collector's Edition",1,2
"Night Mysteries The Amphora Prisoner",1,2
"Viking Brothers",1,2
"Ice Age Continental Drift Arctic Games",1,1
"Mystery of Neuschwanstein",1,1
"3D Mini Golf",1,1
"Rescue Team 5",1,1
"Castle Never Judge a Book by its Cover",1,1
"The Good Life",1,1
"15 Days",1,1
"Season Match 3 - Curse of the Witch Crow",1,0
"The Egyptian Prophecy The Fate of Ramses",1,0
"Depths of Peril",1,0
"Winning Post 8 2015",1,127
"Hegemony III Clash of the Ancients",1,23
"Pixel Space",1,1
"Disney Infinity 2.0",1,16
Citadels,1,1
"Final Hours of Titanfall",1,0
"Reverse Crawl",1,0
"GestureWorks Gameplay",1,2
"Who's That Flying?!",1,0
"Grey's Anatomy The Video Game",1,1
"ArtRage Studio Pro",1,9
"Lili Child of Geos",1,0
Blockscape,1,1
Roguelands,1,7
"Dragon The Game",1,1
"Towtruck Simulator 2015",1,2
"Captain Forever Remix",1,22
Immune,1,0
"Nom Nom Galaxy",1,8
"Finn and Jake's Epic Quest",1,6
"The Magic Circle",1,5
"Mushroom 11",1,1
RONIN,1,1
"The Universim",1,1
Gateways,1,0
"Global Agenda - Beta",1,23
"Robot Rescue Revolution",1,6
"Tetrobot and Co.",1,2
"Toast Time",1,1
"Formula Fusion",1,0
"Hegemony Rome The Rise of Caesar",1,6
"Hegemony Philip of Macedon",1,3
"Industry Giant 2",1,5
"Magicka Wizards of the Square Tablet",1,0
"Cabela's African Adventures",1,1
"SlamIt Pinball Big Score",1,1
"Dead or Alive 5 Last Round",1,16
"3089 -- Futuristic Action RPG",1,0
"Castle In The Darkness",1,11
"Akaneiro Demon Hunters",1,0
"Second Chance Heroes",1,0
Armikrog,1,5
Hardland,1,2
"Emergency 2012",1,46
"Dive to the Titanic",1,5
"Terminator Salvation",1,4
"Cabelas Trophy Bucks",1,3
Saw,1,2
"Mars Colony Challenger",1,5
Lucidity,1,0
Nevermind,1,36
CRYENGINE,1,0
Cosmophony,1,4
"Choice of the Deathless",1,2
"Virtual Villagers A New Home",1,4
"Build-A-Lot 4",1,97
"Hotel Giant 2",1,44
"Comanche 4",1,22
Build-A-Lot,1,9
"Build-A-Lot 2",1,5
"Petz Horsez 2",1,17
"Distant Worlds Universe",1,132
Rigonauts,1,2
"PT Boats Knights of the Sea",1,11
"East India Company Pirate Bay",1,6
"Heroes Over Europe",1,3
"East India Company Privateer",1,0
"PT Boats South Gambit",1,0
"Final Slam 2",1,0
"3DMark Vantage",1,21
"Retro-Pixel Castles",1,3
"Korwin The Game",1,2
MotoGP13,1,3
"Red Bull X-Fighters",1,1
MDK,1,1
"The Haunted Hells Reach",1,1
"The Flame in the Flood",1,0
"Star Traders 4X Empires",1,8
"The Walking Dead Survival Instinct",1,7
"Governor of Poker 2 Premium Edition",1,1
"Nancy Drew The Captive Curse",1,7
"Nancy Drew Alibi in Ashes",1,5
Westward,1,4
"Tradewinds Caravans",1,2
"Westward 3",1,0
"The Political Machine 2016",1,4
"Ship Simulator Maritime Search and Rescue",1,7
SimpleRockets,1,25
"Signal Ops",1,2
CRYPTARK,1,1
"Necronomicon The Dawning of Darkness",1,0
"Undead Overlord",1,1
"LEVEL 22",1,1
"fault milestone one",1,5
"fault milestone two sideabove",1,2
"Tobe's Vertical Adventure",1,0
"Chip's Challenge 2",1,1
"R.B.I. Baseball 15",1,21
"FIFA Manager 11",1,229
"007 Legends",1,1
TOXIKK,1,1
"Emergency 5 - Deluxe Edition",1,25
Kingdoms,1,0
"Prison Tycoon 3 Lockdown",1,2
"Anno 2205",1,22
"Colonial Conquest",1,0
"You Must Build A Boat",1,32
"Triple Town",1,21
"Point Perfect",1,14
"The Lady",1,11
"The Adventures of Tree",1,7
"3 Stars of Destiny",1,5
"Eaten Alive",1,4
"Teddy Floppy Ear - Kayaking",1,4
"Time Mysteries Inheritance - Remastered",1,3
"Gunspell Steam Edition",1,3
"Battleplan American Civil War",1,3
"Treeker The Lost Glasses",1,3
"Reach for the Sun",1,3
"500 Years Act 1",1,3
"CAFE 0 ~The Drowned Mermaid~",1,3
Obludia,1,3
"Clash of Puppets",1,3
"Splatter - Blood Red Edition",1,3
"Catmouth Island",1,3
"Ancient Planet",1,3
DarkEnd,1,2
"Millennium - A New Hope",1,2
"Fiends of Imprisonment",1,2
"Little Farm",1,1
"Inside The Gear",1,1
"Chris Sawyer's Locomotion",1,3
"Foreign Legion Multi Massacre",1,1
"Insane 2",1,1
"Zombie Grinder",1,8
"Sakura Swim Club",1,2
"10,000,000",1,4
Dodge,1,2
"Bientt l't",1,0
Eradicator,1,0
"Life of Pixel",1,0
"The Graveyard",1,0
"Quarries of Scred",1,0
"The Dreamatorium of Dr. Magnus 2",1,41
"iBomber Attack",1,0
"Puzzle Chronicles",1,1
"A.R.E.S. Extinction Agenda EX",1,10
Servo,1,3
"Guild Commander",1,1
"PixelJunk Shooter Ultimate",1,2
"Aion Collectors Edition",1,22
"Buccaneer The Pursuit of Infamy",1,7
"Crusaders Thy Kingdom Come",1,2
"The Jackbox Party Pack 2",1,14
Unium,1,1
"Choice Chamber",1,5
"Black Ice",1,1
rymdkapsel,1,1
Caribbean!,1,17
"Clockwork Empires",1,9
"Community College Hero Trial by Fire",1,8
"BAD END",1,4
"Higurashi When They Cry - Ch.1 Onikakushi",1,14
"The Clans - Saga of the Twins",1,5
X-note,1,4
Bedlam,1,3
"Blue Rose",1,3
"Damnation City of Death",1,1
"Warrior Kings Battles",1,23
"Homebrew - Vehicle Sandbox",1,1
"Diamond Dan",1,0
"MX vs. ATV Supercross Encore",1,4
"Championship Manager 2008",1,0
"One Late Night Deadline",1,0
"Everyday Genius SquareLogic",1,12
Lumines,1,2
"King of Dragon Pass",1,5
"Football Tactics",1,16
"Rugby Challenge 2",1,5
"Cabela's Dangerous Hunts 2013",1,1
"Movie Studio 13 Platinum - Steam Powered",1,166
Runers,1,50
Crawl,1,26
"Obscure 2",1,1
"Grand Class Melee 2",1,1
ENKI,1,0
"Down To One",1,4
"Dustoff Heli Rescue",1,4
"Haunted House",1,0
"Putt-Putt Joins the Circus",1,1
"Putt-Putt Saves the Zoo",1,1
"Delta Force 2",1,3
"OCEAN CITY RACING",1,1
"Castle of Illusion",1,12
"An Assassin in Orlandes",1,5
"Test Drive Ferrari Racing Legends",1,1
"Adventure Park",1,1
"Arcane Worlds",1,0
"Borderless Gaming",1,13
"RPG Maker MV",1,55
"Broken Sword 4 - the Angel of Death",1,21
Sanitarium,1,10
Oh...Sir!,1,0
"Fritz Chess 14",1,2
"Battle Academy",1,15
"Close Combat - Gateway to Caen",1,1
"Battle Academy 2 Eastern Front",1,0
"Actual Sunlight",1,1
"Space Warp",1,0
"Watchmen The End Is Nigh",1,0
"Theme Park Studio",1,2
Salt,1,13
hocus,1,0
"DCS Black Shark",1,4
Cubot,1,1
"Battle Los Angeles",1,4
"Else Heart.Break()",1,2
"Super Game Jam",1,1
"Thief Town",1,0
Steredenn,1,8
"Music Creator 6 Touch",1,23
"Albino Lullaby Episode 1",1,2
"Leo's Fortune",1,0
CreaVures,1,2
"Memento Mori 2",1,25
Haunted,1,0
Hook,1,2
Abducted,1,0
"Last Knight Rogue Rider Edition",1,0
"Cultures - Northland",1,194
"Chocolatier Decadence by Design",1,90
Zoombinis,1,4
"Ford Racing 3",1,1
Submerged,1,2
"Disciples Sacred Lands Gold",1,7
"Hard Truck Apocalypse / Ex Machina",1,7
Sandmason,1,0
Squirreltopia,1,20
Minimon,1,15
"The Campaign Series Fall Weiss",1,11
"Super 3-D Noah's Ark",1,9
"Cast of the Seven Godsends",1,7
"1953 NATO vs Warsaw Pact",1,6
"Bloodbath Kavkaz",1,5
"The Few",1,5
GunWorld,1,4
Cyto,1,3
"Narco Terror",1,3
Echelon,1,3
1Quest,1,3
"Smooth Operators",1,3
Vox,1,2
"Draconian Wars",1,2
"SCHAR Blue Shield Alliance",1,2
"T.E.C. 3001",1,2
"Horizon Shift",1,2
"Guilty Gear Isuka",1,2
"Dysan the Shapeshifter",1,1
"Constant C",1,1
"Gunslugs 2",1,1
Eleusis,1,1
"Choice of Robots",1,2
"The Incredible Adventures of Van Helsing Final Cut",1,58
Tryst,1,21
"Zombie Tycoon 2 Brainhov's Revenge",1,3
"Tkl Online",1,2
"Treasure Planet Battle at Procyon",1,1
"Seven Kingdoms 2 HD",1,0
"Ghostbusters Sanctum of Slime",1,0
"BloodLust Shadowhunter",1,0
"Azure Striker Gunvolt",1,6
"Carnage Racing",1,0
"Inside a Star-filled Sky ",1,0
"Farming Giant",1,31
"Airline Tycoon Deluxe",1,1
"Pro Rugby Manager 2015",1,4
Angvik,1,0
"Diaper Dash",1,0
"The Stalin Subway",1,0
"Cabela's Hunting Expeditions",1,4
"Warehouse and Logistics Simulator",1,0
"Shark Attack Deathmatch 2",1,2
"LA Cops",1,0
"TyranoBuilder Visual Novel Studio",1,11
"Sky Nations",1,15
Manyland,1,8
"Kill Fun Yeah",1,3
KWAAN,1,1
"Trouble In The Manor",1,1
"New Star Soccer 5",1,12
"The Black Watchmen",1,4
"Bard's Gold",1,119
"Rooms The Unsolvable Puzzle",1,78
Breezeblox,1,48
"Traps N' Gemstones",1,7
"Fatty Maze's Adventures",1,6
Reversi,1,5
"Mr. Bree+",1,2
"Amazing Princess Sarah",1,1
APOX,1,0
"Nimble Writer",1,11
"Kings of Kung Fu",1,5
FLOCK!,1,0
Darkstone,1,19
"Heroes and Titans Online",1,0
"Railroad Pioneer",1,11
"RESCUE 2",1,4
"Imagine Earth",1,1
"Farlight Explorers",1,1
"Pretty Girls Mahjong Solitaire",1,0
"Stargate Resistance",1,162
"Environmental Station Alpha",1,28
"Stick RPG 2",1,2
Volume,1,1
"Shallow Space",1,1
"Sunrider Academy",1,43
GamersGoMakers,1,26
"Buzz Aldrin's Space Program Manager",1,5
Apollo4x,1,4
"Royal Defense",1,2
Taxi,1,2
"Infect and Destroy",1,0
Ironcast,1,37
"Puzzle Quest 2",1,1
"Warhammer 40,000 Armageddon",1,10
"Sniper Elite Zombie Army 2",1,0
"Rulers of Nations",1,53
"Don Bradman Cricket 14",1,89
"CameraBag 2",1,3
"Fair Strike",1,1
"Operation Z",1,0
"Knightmare Tower",1,1
"Substance Painter",1,1
Windborne,1,5
"Dark Echo",1,0
"Alter World",1,0
SickBrick,1,1
"World of Mixed Martial Arts 3",1,11
"The Curious Expedition",1,20
"Planet of the Eyes",1,2
Zotrix,1,1
Akuatica,1,0
"Introduction to 3D Prop Modeling and Design - Viking Armor and Weapons",1,1
ZOMBI,1,2
"European Ship Simulator",1,0
"Science Girls",1,0
Flashback,1,2
"Order of War Challenge",1,3
"Karate Master 2 Knock Down Blow",1,3
"Dangerous Waters",1,1
"Dead Mountaineer's Hotel",1,1
"The Entente Gold",1,0
"One Night",1,0
"Better Late Than DEAD",1,3
I-Fluid,1,1
D.U.S.T.,1,0
"Duck Dynasty",1,2
"Family Guy Back to the Multiverse",1,4
SPACECOM,1,6
"3DMark 11",1,3
"Sublevel Zero",1,0
"Killing Floor Beta",1,0
"Freight Tycoon Inc.",1,11
"Pro Evolution Soccer 2013",1,6
"Panzer Tactics HD",1,11
Autocraft,1,5
"Critter Crunch",1,0
Motorbike,1,1
"Adventure Chronicles The Search For Lost Treasure",1,1
"Castaway Paradise",1,7
"Hello Kitty and Sanrio Friends Racing",1,1
"Raiden Legacy",1,1
"Championship Manager 2010",1,11
"Lords of the Realm II",1,5
"Lords of Magic Special Edition",1,1
"Puzzle Quest Galactrix",1,7
"Island Flight Simulator",1,1
"liteCam Game 100 FPS Game Capture",1,68
"Bullet Heaven 2",1,5
"Psycho Starship Rampage",1,0
B.U.T.T.O.N.,1,0
"Block Story",1,16
"NOBUNAGA'S AMBITION Kakushin with Power Up Kit",1,267
"Eschalon Book 1",1,57
"Over the Dream",1,1
Asteria,1,1
"NASCAR The Game 2013",1,2
"Riding Star",1,3
Monochroma,1,6
"NightShift Code",1,2
"Samantha Swift and the Golden Touch",1,0
"Jack Keane",1,2
RECYCLE,1,1
Starscape,1,9
"SpaceForce Rogue Universe",1,6
Jumpdrive,1,1
"1701 A.D. Sunken Dragon",1,1
FRONTIERS,1,1
"rFactor 2",1,2
"Fast & Furious Showdown",1,3
"Dragon's Lair 2 Time Warp",1,1
"Doodle God",1,6
"Cloudy with a Chance of Meatballs",1,5
"Max and the Magic Marker",1,1
"Nostradamus The Last Prophecy",1,14
"Airport Madness World Edition",1,9
"Lunch Truck Tycoon",1,1
"aerofly RC 7",1,0
"D4 Dark Dreams Don't Die",1,1
Coniclysm,1,0
"Alien Shooter Revisited",1,0
"Franchise Hockey Manager 2",1,11
"Kohan Immortal Sovereigns",1,8
"Jacob Jones and the Bigfoot Mystery  Episode 2",1,0
"Battle Brothers",1,2
Parcel,1,9
"Nancy Drew The Haunted Carousel",1,6
"Abandoned Chestnut Lodge Asylum",1,6
"The Otherside",1,5
"Drawn The Painted Tower",1,4
Fire,1,3
Kuros,1,3
"Nancy Drew The Creature of Kapu Cave",1,2
"Legend of Fae",1,0
"Hotel Dash",1,9
"Diner Dash Hometown Hero",1,5
"DinerTown Tycoon",1,1
"Worldwide Soccer Manager 2009",1,295
"Kohan II Kings of War",1,2
"The Impossible Game",1,14
"Adventure Time  Explore the Dungeon Because I DONT KNOW!",1,0
"Ride! Carnival Tycoon",1,0
"SAMURAI WARRIORS 4-II",1,2
"The Bug Butcher",1,0
"Romance of the Three Kingdoms Maker",1,0
"Space Colony",1,12
"Life is Hard",1,3
"Executive Assault",1,3
"FIFA Manager 09",1,411
"Eastside Hockey Manager",1,1295
